id,title,content,tags,created_at,user_id,updated_at,comment_count,view_count,like_count,last_activity_at,hot_score,deleted_at,deleted_by,deleted_reason,is_deleted,account_key,source_id,source_date,legacy_id,is_hidden,duplicate_of,deleted_scope,delete_note,table_data,attachments,links,import_source,source_filename
f4a18d16-7ce9-4781-a6d7-594be5c73bf1,ㅁㅁ,ㅁㅁ,"[""ㅁㅁ""]",2026-02-02 19:13:48.6694+00,e1848554-ffae-479c-a8cd-4c0d77b7bed2,2026-03-19 15:55:50.007522+00,3,3,0,2026-03-19 15:55:50.007522+00,0,null,null,account_delete,false,5cebcc01ca43110fc634d0673de1f02dc821889512f60be07ade01c2b4d116d0,null,null,null,false,null,null,null,"{""tables"":{""1"":{""rows"":[],""columns"":[]}}}",null,[],null,null
760ba3e3-4427-4a24-981f-f710feee86b5,고,스,"[""톱""]",2026-02-02 20:26:42.234811+00,e1848554-ffae-479c-a8cd-4c0d77b7bed2,2026-03-19 15:55:50.007522+00,3,11,0,2026-03-19 15:55:50.007522+00,0,null,null,account_delete,false,5cebcc01ca43110fc634d0673de1f02dc821889512f60be07ade01c2b4d116d0,null,null,null,false,null,null,null,"{""tables"":{""1"":{""rows"":[],""columns"":[]}}}",null,[],null,null
8e3d7f2b-65c9-401d-94e5-d3b7edcb53b0,월,월,"[""월""]",2026-02-02 20:42:06.217553+00,e1848554-ffae-479c-a8cd-4c0d77b7bed2,2026-03-19 15:55:50.007522+00,0,12,0,2026-03-19 15:55:50.007522+00,0,null,null,account_delete,false,5cebcc01ca43110fc634d0673de1f02dc821889512f60be07ade01c2b4d116d0,null,null,null,false,null,null,null,"{""tables"":{""1"":{""rows"":[],""columns"":[]}}}",null,[],null,null
e66f34d2-62b0-4e84-9807-87e40d744c9e,갸,쟈,"[""규"",""don""]",2026-02-02 21:01:07.728818+00,e1848554-ffae-479c-a8cd-4c0d77b7bed2,2026-03-19 15:55:50.007522+00,0,27,0,2026-03-19 15:55:50.007522+00,0,null,null,account_delete,false,5cebcc01ca43110fc634d0673de1f02dc821889512f60be07ade01c2b4d116d0,null,null,null,false,null,null,null,"{""tables"":{""1"":{""rows"":[],""columns"":[]}}}",null,[],null,null
3843ce3e-c3b9-414e-8dff-34b6dfec59bc,ㅁㄴㅇ,ㅁㄴㅇ,"[""go"",""don""]",2026-02-04 20:36:29.372706+00,e1848554-ffae-479c-a8cd-4c0d77b7bed2,2026-03-19 15:55:50.007522+00,1,22,0,2026-03-19 15:55:50.007522+00,0,null,null,account_delete,false,5cebcc01ca43110fc634d0673de1f02dc821889512f60be07ade01c2b4d116d0,null,null,null,false,null,null,null,"{""tables"":{""1"":{""rows"":[],""columns"":[]}}}",null,[],null,null
511bd202-28e6-44c1-8fba-22469d6fefa4,가가가,구구구,"[""려"",""어 저"",""거"",""go""]",2026-02-04 20:43:24.402632+00,e1848554-ffae-479c-a8cd-4c0d77b7bed2,2026-03-19 15:55:50.007522+00,2,45,0,2026-03-19 15:55:50.007522+00,0,null,null,account_delete,false,5cebcc01ca43110fc634d0673de1f02dc821889512f60be07ade01c2b4d116d0,null,null,null,false,null,null,null,"{""tables"":{""1"":{""rows"":[],""columns"":[]}}}",null,[],null,null
7af72613-5caf-404f-a01f-5b0cc44243c2,가,자,"[""규""]",2026-02-10 12:38:57.778285+00,e1848554-ffae-479c-a8cd-4c0d77b7bed2,2026-03-19 15:55:50.007522+00,2,58,0,2026-03-19 15:55:50.007522+00,0,null,null,account_delete,false,5cebcc01ca43110fc634d0673de1f02dc821889512f60be07ade01c2b4d116d0,null,null,null,false,null,null,null,"{""tables"":{""1"":{""rows"":[],""columns"":[]}}}",null,[],null,null
7468e95e-cfbd-4fc4-84d7-dca7f39f278b,내,꼬,"[""얈""]",2026-02-12 20:30:27.849335+00,e1848554-ffae-479c-a8cd-4c0d77b7bed2,2026-03-19 15:55:50.007522+00,0,1,0,2026-03-19 15:55:50.007522+00,0,null,null,account_delete,false,5cebcc01ca43110fc634d0673de1f02dc821889512f60be07ade01c2b4d116d0,null,null,null,false,null,null,null,"{""tables"":{""1"":{""rows"":[],""columns"":[]}}}",null,[],null,null
fcecb985-21cc-460b-8fb2-e9e270cf3213,,추카츠카. 잘해봅시다,[],2026-02-17 14:29:37.795104+00,06721a56-23d7-4e34-85da-68833985d863,2026-03-19 15:55:50.007522+00,1,2,0,2026-03-19 15:55:50.007522+00,0,null,null,null,false,null,null,null,null,false,null,null,null,"{""tables"":{""1"":{""rows"":[],""columns"":[]}}}",null,[],null,null
2b554f9d-a35f-4811-9d2e-d51152f775c9,ㅎㅇ,ㅎㅇ,[],2026-02-17 15:16:28.488179+00,ac28d78c-4fbd-4d40-817e-6a0ecb96da7e,2026-03-19 15:55:50.007522+00,0,0,0,2026-03-19 15:55:50.007522+00,0,null,null,null,false,null,null,null,null,true,653cea9a-ff72-4be1-8718-208c95a580f3,null,null,"{""tables"":{""1"":{""rows"":[],""columns"":[]}}}",null,[],null,null
1f13d369-8022-4004-adc2-5c2981149a6e,ㅎㅇ,ㅎㅇ,[],2026-02-17 15:16:31.365981+00,ac28d78c-4fbd-4d40-817e-6a0ecb96da7e,2026-03-19 15:55:50.007522+00,0,1,0,2026-03-19 15:55:50.007522+00,0,null,null,null,false,null,null,null,null,true,653cea9a-ff72-4be1-8718-208c95a580f3,null,null,"{""tables"":{""1"":{""rows"":[],""columns"":[]}}}",null,[],null,null
653cea9a-ff72-4be1-8718-208c95a580f3,ㅎㅇ,ㅎㅇ,[],2026-02-17 15:16:39.225883+00,ac28d78c-4fbd-4d40-817e-6a0ecb96da7e,2026-03-19 15:55:50.007522+00,1,7,0,2026-03-19 15:55:50.007522+00,0,null,null,null,false,null,null,null,null,false,null,null,null,"{""tables"":{""1"":{""rows"":[],""columns"":[]}}}",null,[],null,null
d302339d-a51e-42ca-a0f1-f972abfc551f,고,장,"[""나""]",2026-02-19 11:11:25.77466+00,e1848554-ffae-479c-a8cd-4c0d77b7bed2,2026-03-19 15:55:50.007522+00,0,1,0,2026-03-19 15:55:50.007522+00,0,null,null,account_delete,false,5cebcc01ca43110fc634d0673de1f02dc821889512f60be07ade01c2b4d116d0,null,null,null,true,52d0b76a-e7b7-4a96-aad3-e6fccf55633c,null,null,"{""tables"":{""1"":{""rows"":[],""columns"":[]}}}",null,[],null,null
52d0b76a-e7b7-4a96-aad3-e6fccf55633c,고,장,"[""나""]",2026-02-19 11:11:38.11372+00,e1848554-ffae-479c-a8cd-4c0d77b7bed2,2026-03-19 15:55:50.007522+00,0,2,0,2026-03-19 15:55:50.007522+00,0,null,null,account_delete,false,5cebcc01ca43110fc634d0673de1f02dc821889512f60be07ade01c2b4d116d0,null,null,null,false,null,null,null,"{""tables"":{""1"":{""rows"":[],""columns"":[]}}}",null,[],null,null
7356b40e-5b63-4a51-a532-d44ac44f60c1,고,장장,"[""나""]",2026-02-22 06:18:59.861285+00,e1848554-ffae-479c-a8cd-4c0d77b7bed2,2026-03-19 15:55:50.007522+00,0,0,0,2026-03-19 15:55:50.007522+00,0,null,null,null,false,null,null,null,null,true,ebcd7902-ea3b-4103-89c6-f5879b192406,null,null,"{""tables"":{""1"":{""rows"":[],""columns"":[]}}}",null,[],null,null
ebcd7902-ea3b-4103-89c6-f5879b192406,고,장장,"[""나""]",2026-02-22 06:19:12.770874+00,e1848554-ffae-479c-a8cd-4c0d77b7bed2,2026-03-19 15:55:50.007522+00,0,0,0,2026-03-19 15:55:50.007522+00,0,null,null,null,false,null,null,null,null,false,null,null,null,"{""tables"":{""1"":{""rows"":[],""columns"":[]}}}",null,[],null,null
dcc23844-098a-4743-9b04-7a8811ada456,고고,장장,"[""나나""]",2026-02-22 06:21:42.183145+00,e1848554-ffae-479c-a8cd-4c0d77b7bed2,2026-03-19 15:55:50.007522+00,0,0,0,2026-03-19 15:55:50.007522+00,0,null,null,null,false,null,null,null,null,true,1079eb73-3e1c-49a8-8fc8-f265e99483f1,null,null,"{""tables"":{""1"":{""rows"":[],""columns"":[]}}}",null,[],null,null
85b61737-2f28-4aaf-ada4-d8d98a570cdb,고고,장장,"[""나나""]",2026-02-22 06:21:59.917579+00,e1848554-ffae-479c-a8cd-4c0d77b7bed2,2026-03-19 15:55:50.007522+00,0,0,0,2026-03-19 15:55:50.007522+00,0,null,null,null,false,null,null,null,null,true,1079eb73-3e1c-49a8-8fc8-f265e99483f1,null,null,"{""tables"":{""1"":{""rows"":[],""columns"":[]}}}",null,[],null,null
03e04261-e74f-4d08-8a23-ecad92632dba,고고,장장,"[""나나""]",2026-02-22 06:22:00.198306+00,e1848554-ffae-479c-a8cd-4c0d77b7bed2,2026-03-19 15:55:50.007522+00,0,0,0,2026-03-19 15:55:50.007522+00,0,null,null,null,false,null,null,null,null,true,1079eb73-3e1c-49a8-8fc8-f265e99483f1,null,null,"{""tables"":{""1"":{""rows"":[],""columns"":[]}}}",null,[],null,null
44178c7b-76b5-42f2-886f-0e4da84dfa23,고고,장장,"[""나나""]",2026-02-22 06:22:00.523317+00,e1848554-ffae-479c-a8cd-4c0d77b7bed2,2026-03-19 15:55:50.007522+00,0,0,0,2026-03-19 15:55:50.007522+00,0,null,null,null,false,null,null,null,null,true,1079eb73-3e1c-49a8-8fc8-f265e99483f1,null,null,"{""tables"":{""1"":{""rows"":[],""columns"":[]}}}",null,[],null,null
92b76bd7-4717-4236-91d9-c49f5db9ab0a,고고,장장,"[""나나""]",2026-02-22 06:22:01.19361+00,e1848554-ffae-479c-a8cd-4c0d77b7bed2,2026-03-19 15:55:50.007522+00,0,0,0,2026-03-19 15:55:50.007522+00,0,null,null,null,false,null,null,null,null,true,1079eb73-3e1c-49a8-8fc8-f265e99483f1,null,null,"{""tables"":{""1"":{""rows"":[],""columns"":[]}}}",null,[],null,null
f70e472b-897e-48e2-985b-00cc8607d60b,고고,장장,"[""나나""]",2026-02-22 06:22:01.501078+00,e1848554-ffae-479c-a8cd-4c0d77b7bed2,2026-03-19 15:55:50.007522+00,0,0,0,2026-03-19 15:55:50.007522+00,0,null,null,null,false,null,null,null,null,true,1079eb73-3e1c-49a8-8fc8-f265e99483f1,null,null,"{""tables"":{""1"":{""rows"":[],""columns"":[]}}}",null,[],null,null
24f816b6-86c7-4482-8164-6a9bf7aa255c,고고,장장,"[""나나""]",2026-02-22 06:22:01.833127+00,e1848554-ffae-479c-a8cd-4c0d77b7bed2,2026-03-19 15:55:50.007522+00,0,0,0,2026-03-19 15:55:50.007522+00,0,null,null,null,false,null,null,null,null,true,1079eb73-3e1c-49a8-8fc8-f265e99483f1,null,null,"{""tables"":{""1"":{""rows"":[],""columns"":[]}}}",null,[],null,null
1c34b69b-63d5-4d5b-bdca-8b643c75c917,고고,장장,"[""나나""]",2026-02-22 06:22:02.129337+00,e1848554-ffae-479c-a8cd-4c0d77b7bed2,2026-03-19 15:55:50.007522+00,0,0,0,2026-03-19 15:55:50.007522+00,0,null,null,null,false,null,null,null,null,true,1079eb73-3e1c-49a8-8fc8-f265e99483f1,null,null,"{""tables"":{""1"":{""rows"":[],""columns"":[]}}}",null,[],null,null
1079eb73-3e1c-49a8-8fc8-f265e99483f1,고고,장장,"[""나나""]",2026-02-22 06:22:02.463017+00,e1848554-ffae-479c-a8cd-4c0d77b7bed2,2026-03-19 15:55:50.007522+00,0,0,0,2026-03-19 15:55:50.007522+00,0,null,null,null,false,null,null,null,null,false,null,null,null,"{""tables"":{""1"":{""rows"":[],""columns"":[]}}}",null,[],null,null
f341ebe8-e468-4514-87ce-329b54a3557b,가가,가가가가가가가가가가가가가가가가가가가가가가가가가가가가가가가가가가가가가가가가가가가가가가,"[""가가""]",2026-02-22 07:50:49.345844+00,e1848554-ffae-479c-a8cd-4c0d77b7bed2,2026-03-19 15:55:50.007522+00,1,1,0,2026-03-19 15:55:50.007522+00,0,null,null,null,false,null,null,null,null,false,null,null,null,"{""tables"":{""1"":{""rows"":[],""columns"":[]}}}",null,[],null,null
0854fe3a-76a4-49b2-ba1d-72bd39980d65,「使い切り」,"https://youtu.be/mdLc-sEqF2M?si=4Baf9GZzo04Lj8OR

「使い切り」とは、製品や食材などを一度、または短期間で残さず全部使ってしまうこと、またはそのように包装・設計されたものを指す コトバンク、www.marutomo.co.jp。小分けパックやプリペイドカードのように、一回限りの利用や使いやすさを重視した製品に多い概念である。 
主なポイント
全部使い果たす： 削り節の使い切りパックのように、一度で使い切れる大きさ。
一度だけ使って捨てる： いわゆる「使い捨て」と同様に、再利用不可な製品。
用途： 小分けパック（衛生面・鮮度維持）、プリペイドカード（限度額管理）など。
類語： 「使い捨て」、「残量ゼロ」、「消耗品」。 
食品では残さず新鮮なうちに使い切る「スマートな食スタイル」として、また日用品では「便利で衛生的なアイテム」として活用されている。","[""import"",""japanese""]",2026-02-22 09:19:19.00148+00,e1848554-ffae-479c-a8cd-4c0d77b7bed2,2026-03-19 15:55:50.007522+00,0,0,0,2026-03-19 15:55:50.007522+00,0,null,null,null,false,null,null,null,null,true,4c8b3811-2773-41eb-b836-6313a5c13372,null,null,"{""tables"":{""1"":{""rows"":[],""columns"":[]}}}",null,[],null,null
0cdeee61-6e44-4691-a5db-8163cb6f2f0c,「閉（と）じる」と「閉（し）まる」は,"「閉（と）じる」と「閉（し）まる」は、いずれも開いているものを塞ぐ意で使われますが、「閉じる」は「本を閉じる」「傘を閉じる」のように折れ曲がって閉まる場合に、「閉まる」は「ドアが閉まる」「店が閉まる」のように自動詞として状態を表す場合に主に使用され、文脈により使い分けが必要です。 
とじる（閉じる）: 本、傘、目、口、蓋、店、区切りを付ける、など。
しまる（閉まる/閉める）: ドア、窓、お店、チャック、蓋、カーテン、鍵、蛇口。 
違いのポイント
「閉める」は他動詞、「閉まる」は自動詞: 鍵を閉める（他動詞）、鍵が閉まる（自動詞）。
「閉じる」は構造的・抽象的: 2枚のものを折りたたむ、区切りをつけるといったニュアンスがある。
使い分けの目安: 漢字で「閉じる」は、開いていたものをふさぐ行為全般に使用。
「閉まる」の限定的な使い方: 「ドアが閉まる」のように自動詞の形で使用されるが、受動的に「（誰かに）閉められる」という意味で使われることが多い。

閉める（しめる）와 閉じる（とじる）의 차이에 대해 알아봅시다.

우선,

「しめる」는 창문, 문, 서랍 등 열려있는 부분을 작게 해서 틈을 없앤다. 라는 의미입니다.

「とじる」와 다르게, 「半分閉（し）める」「少し閉（し）める」등으로 쓸 수 있습니다.



예문>

寒いから窓を閉（し）めよう。

引き出しがあいていたので、閉（し）めた。



「とじる」는 문, 책, 눈, 입 등 열려있는 것을, 원래의 열려있지 않는 상태로 되돌리는 것입니다. 안과 밖이 나뉘어져있는 것을 사용해서, 밖과의 연결을 끊는 느낌입니다.

그리고 「終わりになる」라는 의미로도 사용합니다.

​

예문>

目を閉（と）じて音楽を聞くと、いろいろな情景が浮かんでくる。

彼は読み終わると、そっと本を閉（と）じた。","[""import"",""japanese""]",2026-02-22 09:19:19.00148+00,e1848554-ffae-479c-a8cd-4c0d77b7bed2,2026-03-19 15:55:50.007522+00,0,0,0,2026-03-19 15:55:50.007522+00,0,null,null,null,false,null,null,null,null,true,afbf852f-1d26-4df7-a1f6-cdd941b53797,null,null,"{""tables"":{""1"":{""rows"":[],""columns"":[]}}}",null,[],null,null
0e6436b5-3682-4cbd-b12d-7afdf40106fb,食材（しょくざい）,"https://ja.wikipedia.org/wiki/%E9%A3%9F%E6%9D%90

食材（しょくざい、英: food ingredients）とは、料理の材料のこと。

https://www.kpedia.jp/w/27986

＜식재료の韓国語例文＞
・	냉장고에 식재료가 듬뿍 있다.
冷蔵庫に食材がたっぷりある。
・	조합된 식재료가 훌륭한 맛을 냈다.
組み合わされた食材が素晴らしい味を出した。
・	식재료를 지역 농가에서 공급받는다.
食材を地域農家から仕入れている（供給を受けている）。
・	이 식당은 업소용﻿ 식재료를 사용한다.
このレストランは業務用﻿食材を使っている。
・	그들은 식재료를 부엌으로 옮겼다.
彼らは食材を台所に運んだ。
・	향토 음식에는 신선한 지역 식재료가 사용된다.
郷土料理は新鮮な地元の食材が使われる。
・	예열함으로써 식재료가 적절하게 조리됩니다.
予熱することで食材が適切に調理されます。
・	오븐을 예열하면 식재료가 균일하게 가열됩니다.
オーブンを予熱すると、食材が均一に加熱されます。
・	식재료에 적합한 방법으로, 제대로 된 밑 준비하는 것이 필요합니다.
食材に適した方法で、しっかりとした下処理を行うことが必要です。
・	우리는 시장에서 최저 가격에 식재료를 구입했다.
私たちは市場で最安値で食材を購入した。
・	비린내가 나는 환경에서는 식재료가 쉽게 상합니다.
生臭い環境では、食材が傷みやすくなります。
・	요리 전문가는 식재료에 관해서도 깊은 지식을 가지고 있습니다.
料理専門家は食材についても深い知識があります。
・	장기 보관 가능한 식재료를 쟁여놓아서 당분간 걱정 없어요.
長期保存できる食材を買い置きして、しばらく安心です。
・	킹크랩은 고급 식재료로, 특별한 날에 딱 맞다.
タラバガニは高級食材で、特別な日にぴったりだ。
・	콩기름을 사용하면 식재료의 맛이 돋보입니다.
大豆油を使うことで、食材の味が引き立ちます。
・	불필요한 살생을 막기 위해 식재료 선택에 신경을 쓰고 있습니다.
無駄な殺生を防ぐため、食材選びに気をつけています。
・	광장시장에는 신선한 식재료가 풍부하게 갖추어져 있습니다.
広蔵市場では、新鮮な食材が豊富に揃っています。
・	신선도가 좋은 식재료를 고르는 것이 맛있는 요리를 만드는 비결입니다.
鮮度が良い食材を選ぶことが、美味しい料理を作るコツです。
・	신선도를 유지하기 위해서는 식재료를 적절히 보관하는 것이 중요해요.
鮮度を保つために、食材は適切に保存することが大切です。
・	신선도가 떨어지면, 식재료의 풍미나 영양이 상실돼요.
鮮度が落ちると、食材の風味や栄養が失われます。
・	트러플은 매우 비싼 식재료로, 특별한 경우에 사용돼요.
トリュフは非常に高価な食材で、特別な場面で使われます。
・	트러플은 프랑스 요리에 빠질 수 없는 식재료 중 하나입니다.
トリュフはフランス料理に欠かせない食材の一つです。
・	어패류는 일본 요리에서 빠질 수 없는 식재료 중 하나입니다.
魚介類は日本料理において欠かせない食材の一つです。
・	우렁이는 일본과 한국에서 식재료로 사용돼요.
タニシは日本や韓国では食材として利用されます。
・	가재는 일본과 한국에서 식재료로 사용되기도 한다.
ザリガニは日本や韓国では食材として使われることがあります。
・	철갑상어의 알로 만든 캐비아는 고급 식재료로 유명합니다.
チョウザメの卵から作られるキャビアは高級食材として有名です。
・	철갑상어는 고급 식재료로 알려져 있으며 캐비어가 유명합니다.
チョウザメは高級食材として知られ、キャビアが有名です。
・	고형 카레는 바쁜 날에도 편리한 식재료입니다.
カレールーは、忙しい日にも便利な食材です。
・	염장한 식재료는 일정 시간 동안 담가 두어야 합니다.
塩漬けした食材は、一定の時間漬け込む必要があります。
・	할랄푸드에는 신선한 식재료가 많이 사용됩니다.
ハラルフードには新鮮な食材が多く使われています。
・	부추는 영양가가 높고 몸에 좋은 식재료입니다.
ニラは栄養価が高く、体に良い食材です。
・	해물파전은 한국의 식재료의 풍부함을 살린 요리입니다.
海鮮チヂミは韓国の食材の豊かさを活かした料理です。
・	무말랭이는 건강한 식재료입니다.
切り干し大根は健康的な食材です。
・	식재료를 골고루 썰었어요.
食材をまんべんなく切り分けました。
・	사계절 제철 식재료를 즐길 수 있는 레스토랑입니다.
一年中、旬の食材を楽しむことができるレストランです。
・	전분은 요리의 식감에 변화를 주기 위한 식재료입니다.
澱粉は料理の食感に変化を付けるための食材です。
・	양식된 식재료를 사용한 요리가 맛있었어요.
養殖された食材を使った料理が美味しかったです。
・	이 가게는 식재료가 신선해요.
この店は食材が新鮮です。
・	신선한 식재료를 사용합니다.
新鮮な食材を使います。
・	식재료의 조합에 따라 요리의 종류가 넓어집니다.
食材の組み合わせによって料理のバリエーションが広がります。
・	식재료를 사용하여 새로운 레시피를 시도해 보았습니다.
食材を使って新しいレシピを試してみました。
・	식재료를 신선한 상태로 저장합니다.
食材を新鮮な状態で保存します。
・	레시피에 사용되는 식재료를 조달하는 데 고생했어요.
レシピに使われている食材の調達に苦労しました。
・	식재료를 준비하고 나서 요리를 시작합니다.
食材を準備してから料理を始めます。
・	유기농 식재료를 사용하고 있습니다.
オーガニック食材を使っています。
・	식재료를 씻은 후 조리합니다.
食材を洗ってから調理します。
・	식재료를 다져서 가공합니다.
食材を刻んで加工します。
・	식재료의 조합에 따라 요리의 맛이 달라집니다.
食材の組み合わせによって料理の味が変わります。
・	식재료를 저장하기 위해 냉장고에 넣었습니다.
食材を保存するために冷蔵庫に入れました。
・	식재료를 고를 때는 신선함을 중시합니다.
食材を選ぶときは新鮮さを重視します。","[""import"",""japanese""]",2026-02-22 09:19:19.00148+00,e1848554-ffae-479c-a8cd-4c0d77b7bed2,2026-03-19 15:55:50.007522+00,0,0,0,2026-03-19 15:55:50.007522+00,0,null,null,null,false,null,null,null,null,true,33333f1f-db58-4865-add6-6b31d622b221,null,null,"{""tables"":{""1"":{""rows"":[],""columns"":[]}}}",null,[],null,null
0f503b63-aa52-4ce8-ba7c-bc32c954baca,嵐（あらし）,"NetflixドラゴンボールZタイトル

スーパーサイヤ人限界突破嵐を呼ぶトランクス
초사이어인의 한계돌파 폭풍을부르느 트랭크스

https://nihongokanji.com/1815

嵐（あらし）는 ""폭풍우""","[""import"",""japanese""]",2026-02-22 09:19:19.00148+00,e1848554-ffae-479c-a8cd-4c0d77b7bed2,2026-03-19 15:55:50.007522+00,0,0,0,2026-03-19 15:55:50.007522+00,0,null,null,null,false,null,null,null,null,true,547a370e-e94f-44fc-a4f8-1438c37441d6,null,null,"{""tables"":{""1"":{""rows"":[],""columns"":[]}}}",null,[],null,null
17ead043-226d-404b-bd26-ee9510714a32,「秘められた（ひめられた）」,"Netflixドラゴンボールタイトル

秘められた力ご飯が赤ん坊だった頃
숨겨진힘 오반이 아직 아기였을때

「秘められた」とは、表に出ないように、または知られないように隠されている状態を指す言葉です (Weblio辞書)。秘密、隠された、内緒の、トップシークレットといった類語があり、人の感情や秘密事項、隠されたストーリーなどを表現する際に用いられます。 
主な特徴と類語
意味: 外部に知られない、秘密にされている。
類語: 秘密の、隠された、内密な、オフレコの、極秘の、秘匿された。
表現例: 秘められた恋、秘められた能力、秘められた過去、秘められた想い。 
隠された事実や奥深い魅力を強調する文脈でよく使われる表現です。","[""import"",""japanese""]",2026-02-22 09:19:19.00148+00,e1848554-ffae-479c-a8cd-4c0d77b7bed2,2026-03-19 15:55:50.007522+00,0,0,0,2026-03-19 15:55:50.007522+00,0,null,null,null,false,null,null,null,null,true,692fb0c9-ab5f-4142-920f-5ef1cd54e779,null,null,"{""tables"":{""1"":{""rows"":[],""columns"":[]}}}",null,[],null,null
19fcc139-ec2a-46a0-8762-2eecfad66dae,「失い（うしない）」,"「失い（うしない）」は、動詞「失う（うしなう）」の連用形、あるいは名詞化された形であり、持っていたもの、見えていたもの、場所や機会などをなくすことを指します。紛失、消失、喪失といったネガティブな結果や、見失う、あるいは「安物買いの銭失い」といった表現でよく使われます。 
主な用法・関連表現：
見失う（みうしなう）: 見えていたものの行方が分からなくなること。
安物買いの銭失い（ぜにうしない）: 安いものを買って、結局損をすること。
喪失（そうしつ）: 職、自信、記憶などをなくすこと。
失うの言い換え: 紛失、逸失、手元からなくなる。 
関連して、心理的な喪失や、能力の低下などを表す際にも幅広く用いられます。

https://mazii.net/ko-KR/search/word/jako/%E5%A4%B1%E3%81%84%E3%81%BE%E3%81%97%E3%81%9F

◆ 잃다.
◆ 잃어버리다.

職を失った人
실직한 사람

金を失う
돈을 잃다

心を失う
정신 나가다; 평정을 잃다

◆ 사별(死別)하다; 여의다.

父を失う
아버지를 여의다

子を失う
자식을 잃다

交通事故で家族を失った
교통사고로 가족을 잃었다

◆ 놓치다.

機会を失う
기회를 놓치다
大
事な試合を失った
중요한 시합을 놓쳤다

◆ (‘…たるを失わない’의 꼴로) …의 자격이 있다.

偉人たるを失わない
충분히 위인의 자격[능력]이 있다((위인답다))

◆ 죽이다.

失はむとたくらむ
죽이려고 계획하다","[""import"",""japanese""]",2026-02-22 09:19:19.00148+00,e1848554-ffae-479c-a8cd-4c0d77b7bed2,2026-03-19 15:55:50.007522+00,0,0,0,2026-03-19 15:55:50.007522+00,0,null,null,null,false,null,null,null,null,true,8c95ee56-d21b-418b-8f8b-c6b929187fef,null,null,"{""tables"":{""1"":{""rows"":[],""columns"":[]}}}",null,[],null,null
1b1908ee-4ca4-4a64-98f9-f964288cfb17,脈絡（みゃくらく）,"https://mazii.net/ko-KR/search/word/jako/%E3%81%BF%E3%82%83%E3%81%8F%E3%82%89%E3%81%8F

◆ 맥락.
◆ 혈맥; 혈관.

脈絡膜
맥락막.

◆ 연관; 연결; 관련.

脈絡のない文章
문맥이 통하지 않는 문장

前後の脈絡
앞뒤의 연관

両者の間には脈絡が認められない
양자 사이에는 관련성을 찾아볼 수 없다

https://www.kpedia.jp/w/41883

「脈絡」の韓国語「맥락」を使った例文

・이야기에 맥락이 없다.
話に脈絡がない

・전후의 맥락을 살펴보면 공무원의 직무유기라는 점에는 변명의 여지가 없어 보인다.
前後の脈絡をみると、公務員の職務放棄という点には弁解の余地がなさそうにみえる。

・학술 논문에서 연표를 사용하여 역사의 맥락을 설명한다.
学術論文で年表を使用し、歴史の脈絡を説明する。

・그 표현은 이 맥락에서 조금 이상해.
その表現はこの文脈では少し変だ。","[""import"",""japanese""]",2026-02-22 09:19:19.00148+00,e1848554-ffae-479c-a8cd-4c0d77b7bed2,2026-03-19 15:55:50.007522+00,0,0,0,2026-03-19 15:55:50.007522+00,0,null,null,null,false,null,null,null,null,true,6a900e49-4e2c-43b9-8c75-5b978424c12d,null,null,"{""tables"":{""1"":{""rows"":[],""columns"":[]}}}",null,[],null,null
1b19f8d8-43b2-4ed3-8975-21bb41c16e07,✅ 바로 써먹는 일본어 커밋 템플릿 25개,"✅ 바로 써먹는 일본어 커밋 템플릿 25개

(그대로 복붙해도 됨)

기능 추가/구현

追加機能を実装

削除機能を実装

編集機能を実装

検索機能を実装

タグフィルターを実装

並び替えを実装

ピン留めを実装

버그 수정

削除が動かない問題を修正

datasetのキー名ミスを修正

id取得処理を修正

render更新漏れを修正

localStorage保存漏れを修正

개선/리팩토링

commit処理を整理

関数を分離して可読性を改善

state管理を整理

バリデーションを追加

例外処理を追加

문서/정리

READMEを更新

学習ログを追記

コメントを整理","[""import"",""japanese""]",2026-02-22 09:19:19.00148+00,e1848554-ffae-479c-a8cd-4c0d77b7bed2,2026-03-19 15:55:50.007522+00,0,0,0,2026-03-19 15:55:50.007522+00,0,null,null,null,false,null,null,null,null,true,c4060afd-d86c-4519-a757-3e0464b60fb9,null,null,"{""tables"":{""1"":{""rows"":[],""columns"":[]}}}",null,[],null,null
1ce4f7d0-ff93-4ebd-bddc-9861e5c1e708,歯磨き(はみがき),"https://youtu.be/HLiervLfbbo?si=JHfBon1qFNhv1mz0

歯磨きしてきました。
양치하고왔어요","[""import"",""japanese""]",2026-02-22 09:19:19.00148+00,e1848554-ffae-479c-a8cd-4c0d77b7bed2,2026-03-19 15:55:50.007522+00,0,0,0,2026-03-19 15:55:50.007522+00,0,null,null,null,false,null,null,null,null,true,ed89dc62-df30-4a89-bc48-0c2f3626176a,null,null,"{""tables"":{""1"":{""rows"":[],""columns"":[]}}}",null,[],null,null
1da56076-1e2f-4989-b1ac-2b04c2503450,「閉じる（とじる）」,"「閉じる（とじる）」は、開いている本、傘、目、口などを閉じて元の状態に戻す、または会議や幕などを終わらせる際に使われる表現です。物理的なドアや窓を閉める「閉める（しめる）」と異なり、閉じる動作に加えて、内と外を遮断する、あるいは「店を閉じる（廃業する）」のような抽象的な終了のニュアンスが含まれます。 
閉じる（とじる）の主な用法と意味
物理的なものを閉じる: 本、傘、目、口などを閉じる。
例：本を閉じる、傘を閉じる、目を閉じる。
閉じる（完結・終了）: 続いていた状態や行事を終わらせる。
例：店を閉じる（廃業）、会議を閉じる、幕を閉じる。
閉じる（とじ込める・区切る）: 中に隠す、空間を閉ざす。 
関連表現との違い
閉める（しめる）: ドア、窓、引き出しなどを物理的に閉じる際に使用。
閉まる（しまる）: 「～が閉まる」という自動詞で、閉まっている状態を示す。
閉じる・閉めるの使い分け例:
〇本を閉じる / ×本を閉める
〇窓を閉める（しめる） / △窓を閉じる（とじる） ※可能だが「閉める」が一般的
〇店を閉める（その日の営業終了・廃業） / 〇店を閉じる（廃業） 
「閉じる」は、その状態を終わらせて元の形に戻す、あるいは幕を下ろすようなシーンで多用されます。 

https://mazii.net/ko-KR/search/word/jako/%E9%96%89%E3%81%98%E3%82%8B

◆ 닫히다
.
水門が閉じる
수문이 닫히다

風でドアが閉じる
바람에 문이 닫히다

何日もシャッターは閉じたままだ
며칠째 셔터가 내려져 있다

◆ (회의 따위가) 끝나다.

会が閉じる
폐회되다

☆ 상1단 타동사
◆ (열려 있는 것을) 닫다.

門を閉じる
문을 닫다

店を閉じる
가게를 닫다[그만두다]

心を閉じる
마음을 닫다

◆ 눈을 감다.

目を閉じて音楽を聞く
눈을 감고 음악을 듣다

◆ 덮다.

本を閉じる
책을 덮다

蓋を閉じる
뚜껑을 덮다

◆ 끝내다; 마치다.

株主総会を閉じる
주주 총회를 마치다

◆ (입을) 다물다.

口を閉じる
입을 다물다

◆ (펼친 것을) 접다.

傘を閉じる
우산을 접다

◆ (컴퓨터에서) 프로그램 등을 종료하다.

ファイルを保存せず閉じてしまった
파일을 저장하지 않고 닫아 버렸다","[""import"",""japanese""]",2026-02-22 09:19:19.00148+00,e1848554-ffae-479c-a8cd-4c0d77b7bed2,2026-03-19 15:55:50.007522+00,0,0,0,2026-03-19 15:55:50.007522+00,0,null,null,null,false,null,null,null,null,true,7a43b6f5-a4d1-40c3-86b7-a6b698a88c4c,null,null,"{""tables"":{""1"":{""rows"":[],""columns"":[]}}}",null,[],null,null
1f83d403-1056-413e-935e-aabc3727b27f,「不甲斐ない（ふがいない）」,"鬼滅の刃無限列車編

「不甲斐ない（ふがいない）」は、期待に応えられず情けない、だらしない、意気地がない様子を表す言葉です。自分の力不足や結果が出なかったことに対する反省・自責の念、あるいは他者に対する失望を表す際に主に用いられます。 
主な意味とニュアンス
意味: 情けないほど意気地がない。だらしない。頼りにならない。
ニュアンス: ネガティブな感情が強く、主に自分自身の言動を恥じる際や、期待外れな結果に終わった時に使われる。 
例文・使い方
「不甲斐ない自分に腹が立つ」
「このような不甲斐ない結果になり、申し訳ありません」
「不甲斐ない部下だ」 
類語・言い換え
情けない
意気地がない
だらしない
力不足
頼りない 
注意点
「不」と「ない」の二重否定であるにもかかわらず、プラスの意味にならず、ネガティブな意味（否定的な状況）で使われるのが特徴。 

https://mazii.net/ko-KR/search/word/jako/%E4%B8%8D%E7%94%B2%E6%96%90%E3%81%AA%E3%81%84

◆ 기개가 없다; 칠칠치 못하다; 한심스럽다.

腑甲斐無い奴め
칠칠치 못한 녀석 같으니라고

腑甲斐無い成績
한심스러운 성적

あんな相手に負けるなんて腑甲斐無い
저런 상대에게 지다니 한심하다","[""import"",""japanese""]",2026-02-22 09:19:19.00148+00,e1848554-ffae-479c-a8cd-4c0d77b7bed2,2026-03-19 15:55:50.007522+00,0,0,0,2026-03-19 15:55:50.007522+00,0,null,null,null,false,null,null,null,null,true,d77f1240-f7e7-453e-9a5c-cbb9d234c3ae,null,null,"{""tables"":{""1"":{""rows"":[],""columns"":[]}}}",null,[],null,null
20d0cc48-a16c-4ed9-9128-b24c5c23275f,「やがて」,"「やがて」は「まもなく」「そのうちに」「いずれ」といった意味で、近い将来に何かが起こる様子や、最終的にそうなるといった状況を表す副詞で、「そのまま」という古語由来の「状態が連続する」意味も持ちます。文脈によって「すぐに」「最終的に」「ほとんど」など、ニュアンスが変わるのが特徴です。 
主な意味と使い方
まもなく、そのうちに (soon, before long): 近い将来に起こることを示す場合に使われます。
例：「やがて雨が降りそうだ。」（まもなく雨が降りそうだ）
最終的に、結局 (eventually, in the end): 時間が経った後の結果や結末を表します。
例：「努力はやがて実を結ぶだろう。」（努力は最終的に実を結ぶだろう）
そのまま、引き続いて (continuing state): ある状態が継続していることを指します（古語の「そのまま」の意味）。
例：「病気でやがて寝入ってしまった。」（病気のまま、そのまま寝入ってしまった）
ほとんど、危うく (almost, nearly): ほぼその状態である、というニュアンスです。
例：「やがて、一歩及ばず失敗した。」（ほとんど、危うく失敗した） 
類語・言い換え
まもなく、そのうち、いずれ、いつか
最終的に、ゆくゆくは
すぐに、ただちに（古語・文脈による） 
例文
「やがて冬が来る。」（まもなく冬が来る）
「やがて、彼はその道の達人になった。」（最終的に、彼はその道の達人になった）","[""import"",""japanese""]",2026-02-22 09:19:19.00148+00,e1848554-ffae-479c-a8cd-4c0d77b7bed2,2026-03-19 15:55:50.007522+00,0,0,0,2026-03-19 15:55:50.007522+00,0,null,null,null,false,null,null,null,null,true,d10030c8-8acd-4563-9df3-aa6d8a7a34c3,null,null,"{""tables"":{""1"":{""rows"":[],""columns"":[]}}}",null,[],null,null
211b5dd7-601b-4d41-894a-7f7c59bfb5dd,「媚びへつらう」,"https://www.kpedia.jp/w/51313

「媚びへつらう」の韓国語「아첨하다」を使った例文
・상사에게 아첨하다.
上司に阿る。

・강자에게 아첨하다.
強者に媚へつらう。

・세상에 아첨하다.
世におもねる。

・자본이나 권력에 아첨하다.
資本や権力にへつらう。

・난 아첨하는 사람은 딱 질색이야.
僕はへつらう人はまっぴらごめんだ。

・그는 상사에게 아첨하는 걸 잘합니다.
彼は上司に媚びるのが得意です。

・아첨하는 태도는 보기 흉해요.
媚びる態度は見苦しいです。

・그녀는 상사에게 아첨하지 않고 일을 하고 있습니다.
彼女は上司に媚びることなく仕事をしています。

・그의 아첨하는 태도가 미움받고 있어요.
彼の媚びる態度が嫌われています。

・그는 아첨하지 않고 성공했어요.
彼は媚びることなく成功しました。

・그녀는 아첨하지 않고 상사에게 의견을 말했습니다.
彼女は媚びることなく上司に意見を言いました。

・아첨을 했더니, 되레 어색해졌다.
お世辞を言ったら、かえって気まずくなった。

・그는 아첨을 하여 승진을 노리고 있습니다.
彼は媚びることで昇進を狙っています。

・그 직원은 아첨을 잘해요.
その社員は媚びることが上手です。

・아첨을 떨다.
おべっかを使う。

・사심을 감추고 사람에게 아첨하다.
私心を隠して人に媚びへつらう。

・아첨을 떠는 것은 타자를 기분 좋게 하려고 하는 배려입니다.
おべっかを使うとは、他者を心地良くしようとする配慮です。

・아첨을 떤다는 것은 상대의 마음에 들고 싶다고 하는 마음의 표현이라고 생각한다.
おべっかを使うって、相手に気に入られたいという気持ちの表れだと思う。

・강자에게 아첨을 떠는 자는 약자에게 거만하게 군다.
強い者におべっかを使う者は弱い者に威張る。

・직장에 아첨만 떠는 사람이 있어요.
職場におべっかばかり言う人がいます。","[""import"",""japanese""]",2026-02-22 09:19:19.00148+00,e1848554-ffae-479c-a8cd-4c0d77b7bed2,2026-03-19 15:55:50.007522+00,0,0,0,2026-03-19 15:55:50.007522+00,0,null,null,null,false,null,null,null,null,true,64868c1f-edf7-4d7d-b4a3-a6dbf201cbce,null,null,"{""tables"":{""1"":{""rows"":[],""columns"":[]}}}",null,[],null,null
21bac874-187c-431b-8f82-908d6067bc65,「本領発揮（ほんりょうはっき）」,"「本領発揮（ほんりょうはっき）」とは、その人が本来持っている能力、技術、実力を存分に発揮し、見事な活躍や成果を見せることを指す言葉です。類語には「面目躍如（めんもくやくじょ）」や「底力を発揮する」などがあり、真価を発揮する場面で使われる表現です。 
主なポイントと表現:
意味: 本来の能力や真価を十分に発揮すること。
類語・言い換え: 実力を出す、真価を発揮する、腕を振るう、底力を出す、持ち前の力を発揮する。
関連表現: 「本領を発揮する」「本領発揮の場」。 
スポーツや仕事の場面で、その人らしさが存分に出たときに使われます。","[""import"",""japanese""]",2026-02-22 09:19:19.00148+00,e1848554-ffae-479c-a8cd-4c0d77b7bed2,2026-03-19 15:55:50.007522+00,0,0,0,2026-03-19 15:55:50.007522+00,0,null,null,null,false,null,null,null,null,true,0b11a6a6-6af1-4413-b646-bed17cca6980,null,null,"{""tables"":{""1"":{""rows"":[],""columns"":[]}}}",null,[],null,null
24b1fde8-ad75-406d-ad40-004c0ea83e56,「召し上がれ（めしあがれ）」,"https://youtu.be/aHA9_MbatJg?si=yeTezhpY-d_Xa5Tj

「召し上がれ（めしあがれ）」は、料理を相手に勧める際に「食べてください」をより丁寧・親しみ深く表現する言葉です。食事を楽しんでもらう気持ちを伝える決まり文句であり、英語では""Enjoy your meal""や""DMM英会話 Enjoy!""、フランス語では""フランス語教室F10 Bon appétit""（ボナペティ）が相当します。 
主な特徴・用法
敬語の構成: 「食べる」の尊敬語「召し上がる」の命令形（「～なさい」に近い表現）です。
文脈: 主に料理を出す側が、食べる人に対して温かい雰囲気で使います。
類語: より丁寧な表現として「どうぞお召し上がりください」「ご賞味ください」などがあります。
注意点: 目上の方に対して「召し上がれ」だけではやや強制的（命令的）に聞こえる場合があるため、その際は「どうぞ召し上がってください」が適しています。 
温かい食事の場面で使われる、心遣いを伝える言葉です。","[""import"",""japanese""]",2026-02-22 09:19:19.00148+00,e1848554-ffae-479c-a8cd-4c0d77b7bed2,2026-03-19 15:55:50.007522+00,0,0,0,2026-03-19 15:55:50.007522+00,0,null,null,null,false,null,null,null,null,true,27ce7724-0a99-4f01-b7bb-5884fe136167,null,null,"{""tables"":{""1"":{""rows"":[],""columns"":[]}}}",null,[],null,null
25a87bec-cf10-484c-91a7-0f4c8eeb808a,일본 장기체류 외국인들이 가장 많이 부딪히는 ‘감정 미이식 영역’,"1️⃣ 空気を読む (쿠우키오 요무, 공기를 읽다)

의미(이론)
→ 말하지 않은 분위기·맥락·상대 기대를 파악해서 행동하라는 뜻

감정적 이해가 어려운 이유

“왜 말을 안 했는데 내가 알아야 하지?”라는 감정이 남음

명확한 규칙이 아니라 관계·상황·위치에 따라 매번 달라짐

실패해도 누가 직접 지적하지 않음 → 이유를 모른 채 배제됨

일본인 감정 구조

말하는 것 자체가 이미 “공기를 깨는 행위”일 수 있음

공기를 못 읽는 사람 = 무례하거나 미성숙한 사람

팁

말의 의미보다 말하지 않은 사람의 표정·침묵 길이·상석 위치를 먼저 관찰하세요

일본에서는 “정보 전달”보다 “관계 유지”가 말의 1순위 목적입니다

2️⃣ 検討します (켄토-시마스 = 검토해보겠습니다)

의미(이론)
→ 생각해보겠다

실제 뉘앙스

80% 이상이 사실상 거절

하지만 “거절했다”는 감정적 부담은 상대에게 주지 않음

외국인이 이해 못 하는 지점

“그래서 언제 답이 오는 건데?”라는 감정이 계속 남음

명확하지 않은 상태가 불안하고 비효율적으로 느껴짐

일본인 입장

명확한 거절 = 관계 파괴 가능성

애매함 = 관계 유지 + 체면 보호

팁

일본에서 확답은 YES를 여러 번 반복할 때만 YES입니다

날짜·기한이 제시되지 않으면 이미 답은 끝났다고 봐도 무방합니다

3️⃣ すみません의 감정 범위 (죄송합니다 / 감사합니다 / 실례합니다)

의미(이론)
→ 사과

실제 감정

미안함 + 고마움 + 민폐 의식이 섞인 감정

“당신의 시간을/공간을 사용했다”는 인식

외국인이 느끼는 괴리

“왜 고마운 상황에서도 사과를 하지?”

사과가 너무 잦아 자존감이 낮아 보이기도 함

일본인 감정 구조

개인은 항상 타인에게 잠재적 민폐를 끼친다는 전제

사과는 자기비하가 아니라 사회 윤활유

팁

일본어의 すみません은 감정 단어가 아니라 사회적 버튼이라고 생각하세요

진짜 사과는 톤·속도·몸 각도로 구분됩니다

4️⃣ 本音と建前 (혼네와 다테마에)

의미(이론)

本音: 진짜 마음

建前: 사회적 공식 입장

감정적 이해가 어려운 이유

“왜 솔직하지 않지?”라는 배신감

친해졌다고 생각했는데 여전히 벽이 느껴짐

일본인 감정 구조

본음을 쉽게 드러내는 것은 상대를 위험에 빠뜨릴 수도 있음

다테마에는 거짓말이 아니라 사회적 보호막

팁

일본에서 본음은 술자리, 1:1, 늦은 시간에만 슬쩍 나옵니다

“솔직해줘”라는 말은 오히려 본음을 닫게 만듭니다

5️⃣ 迷惑をかける에 대한 과민함 (민폐 의식)

의미(이론)
→ 남에게 불편을 주는 것

외국인이 감정적으로 이해 못 하는 부분

작은 부탁에도 극도로 조심함

도움 요청을 거의 하지 않음

일본인 감정 구조

독립성 = 민폐를 끼치지 않는 능력

도움을 받는 순간 관계에 빚이 생김

팁

일본에서 도움을 받을 땐 반드시 되돌려줄 기회를 만드세요

“괜찮아요”보다 “이렇게 도와주셔서 감사합니다”가 중요합니다

6️⃣ 曖昧さ(애매함)를 편안하게 느끼는 감정

외국인 정서

애매함 = 불안, 비효율, 무책임

일본인 정서

애매함 = 유연함, 여지, 관계 보존

가장 큰 감정 장벽

끝까지 명확해지지 않는 인간관계

“우린 친구야? 동료야? 그냥 아는 사이야?”가 흐릿함

팁

일본에서는 관계의 이름보다 지속성이 더 중요합니다

정의하려 들수록 관계가 멀어질 수 있습니다

🎯 핵심 정리

외국인이 일본어를 아무리 잘해도
“왜 그렇게 느끼는가”까지는 잘 안 들어온다

일본어는 논리 언어가 아니라 관계 언어

감정은 개인이 아니라 집단 기준으로 조정됨

이해는 가능하지만, 공감은 선택적으로만 가능","[""import"",""japanese""]",2026-02-22 09:19:19.00148+00,e1848554-ffae-479c-a8cd-4c0d77b7bed2,2026-03-19 15:55:50.007522+00,0,0,0,2026-03-19 15:55:50.007522+00,0,null,null,null,false,null,null,null,null,true,3fa39d7d-1ded-4c1d-9287-e211ada54021,null,null,"{""tables"":{""1"":{""rows"":[],""columns"":[]}}}",null,[],null,null
25d55e7a-c814-4529-81c7-53e13c19b145,「攻める（せめる）」,"「攻める（せめる）」は、敵や目標に対して攻撃を仕掛け、防御を突破して有利な状況を作ること。相手の領地、相手の心理、または将棋の駒などにおいて、強気な姿勢で積極的に相手を追いつめる、または攻撃を仕掛けることを意味する。反意語は「守る（まもる）」。 
具体的な意味と使われ方：
攻撃する・襲う: 敵や城を攻める、軍事行動。
積極的に仕掛ける: 剣道で相手を崩す、恋愛でアプローチする、事業を展開する。
挑戦的な手法: 攻めてるファッション（＝攻めファッション）、新しい料理への挑戦。 
※注意：同音異義語の「責める（せめる）」は、過ちを非難したり（とがめる）、相手を追い詰めて苦しめる（責め苦）意味で使用される。","[""import"",""japanese""]",2026-02-22 09:19:19.00148+00,e1848554-ffae-479c-a8cd-4c0d77b7bed2,2026-03-19 15:55:50.007522+00,0,0,0,2026-03-19 15:55:50.007522+00,0,null,null,null,false,null,null,null,null,true,e0464fb9-438b-4533-b460-31e74b9b7f5b,null,null,"{""tables"":{""1"":{""rows"":[],""columns"":[]}}}",null,[],null,null
271ebed4-5441-4beb-a1b2-9ac576a2d8d4,「代わりに（かわりに）」,"https://www.youtube.com/watch?v=UX2xgEVJUPE

「代わりに（かわりに）」は、「ある役割や機能ができないときに、別のものや人がその役割を果たす」ことや、「ある事柄の代償や条件として、別の事柄が起こる」状況を表す言葉で、英語の""instead of""や""in place of""に相当し、代理・代替（例：課長の代わりに私が参加する）や、トレードオフ・交換条件（例：安い代わりに交通が不便）の意味で使われます。 
主な意味と使い方
代理・代替（Aの代わりにBをする/BがAの役割を果たす）
人や物が欠けたときに、その役割を引き継ぐ。
例: 「部長が急用で出張に行けないので、私が部長の代わりに行きます。」
例: 「ネギを切るときは包丁の代わりにハサミを使ってもいいですよ。」
トレードオフ・交換条件（～の代わりに～）
プラス面とマイナス面が表裏一体の関係にあることを示す。
例: 「この家は家賃が安い代わりに、交通が不便だ。」
例: 「彼は語学が上手な代わりに、数学が苦手だ。」 
似た表現との違い
「代わり（かわり）」と「替わり（かわり）」:
代わり: 役割や位置の交代（代理・代替）。
替わり: 新しいものへの交換・更新（交換・変更）。
「〜に代わって（〜にかわって）」: 「〜の代わりに」とほぼ同じで、主に人や組織の代理（「〜に代わって、私が責任を取る」など）で使われます。 
接続のルール
動詞: 辞書形（例：行く代わりに）。
名詞: 「の」を付けて（例：課長の代わりに）。
な形容詞: 「な」を付けて（例：便利な代わりに）。 
まとめ
「代わりに」は、状況に応じて「代理」や「交換条件」のニュアンスで使われ、柔軟なコミュニケーションを可能にする便利な表現です。

https://mazii.net/ko-KR/search/word/jako/%E4%BB%A3%E3%82%8F%E3%82%8A%E3%81%AB

◆ 그 대신(에).

代わりにこれをあげよう
그 대신에 이것을 줄게

https://www.kpedia.jp/w/37979

「代わりに」の韓国語「대신에」を使った例文

・이 전화는 고장입니다. 대신에 이 전화를 사용하세요.
その電話は故障中です。代わりにこの電話を使ってください。

・나 대신에 니가 가라.
僕の代わりに君が行って。

・일요일 출근하는 대신에, 내일은 쉬게 해 주세요.
日曜日出勤するかわりに、明日は休ませてください。

・볼링 대신에 탁구를 쳤어.﻿
ボーリングの代わりに卓球をした。﻿

・도태되는 대신에 시장 변화에 빠르게 대응해야 한다.
淘汰される代わりに市場の変化に素早く対応しなければならない。

・몽둥이 대신에 방망이를 사용해야 한다고 말했다.
棒の代わりにバットを使うべきだと言った。

・마요네즈 대신에 요거트를 사용하는 경우도 있다.
マヨネーズの代わりにヨーグルトを使うこともある。

・독이 없는 대신에 다른 뱀보다 굵은 몸으로 조여 먹이를 질식하게 한다.
毒がない代わりに、他のヘビよりも太い体で締めつけて餌を窒息させる。

・에코백은 비닐봉투 대신에 장볼 때 사용하는 가방을 말합니다.
エコバッグはレジ袋の代わりに買い物に使用するバッグをいいます。

・버스를 타는 대신에 걸어서 귀가했다.
バスに乗る代わりに歩いて帰宅した。

・대수학은 숫자 대신에 문자를 사용해, 계산의 법칙・방정식의 해법 등을 주로 연구하는 수학의 일부분입니다.
代数学は数の代わりに文字を用い、計算の法則・方程式の解法などを主に研究する数学の一分野です。

・돈 대신에 몸으로 때우다.
金のかわりに体で償う。

・청소를 돕는 대신에 용돈을 받았다.
掃除を手伝う代わりにお小遣いをもらった。","[""import"",""japanese""]",2026-02-22 09:19:19.00148+00,e1848554-ffae-479c-a8cd-4c0d77b7bed2,2026-03-19 15:55:50.007522+00,0,0,0,2026-03-19 15:55:50.007522+00,0,null,null,null,false,null,null,null,null,true,6dc650fe-1e02-48ab-a118-08fd8f768cbd,null,null,"{""tables"":{""1"":{""rows"":[],""columns"":[]}}}",null,[],null,null
28ab5992-6694-40f4-9fcc-b333b2394250,エアリー感（Airy）,"https://youtu.be/RFJ5Q_gZl3s?si=0uHJmEa9VDZp2UUQ

エアリー感（Airy）とは、空気を含んだような、ふんわりとして軽やかな質感を指す言葉です。主にヘアスタイルで、ボリュームがありつつ柔らかく、揺れるような女性らしい雰囲気や抜け感を表現する際に用いられます。 
エアリー感の主な特徴と作り方
特徴: 髪と髪の間に空気が入り込んだような軽さ、柔らかいニュアンス、ふんわりとしたシルエット。
カット方法: レイヤーやシャギーで毛先に動きを出し、軽い質感にする。
スタイリング:
根元の立ち上げ: ドライヤーを下からあて、トップをふんわりさせる。
カール・ウェーブ: アイロンで毛先に動きをつけ、柔らかさを出す。
ワックス: ナチュラルなワックスを少量ずつ使い、重くならないように仕上げる。
メリット: 小顔効果、優しい雰囲気、抜け感の演出。 
髪質が硬い人から軟毛の人まで、パーマやカット、スタイリング次第で取り入れることができ、ショートからロングまで幅広く活用されるスタイルです。","[""import"",""japanese""]",2026-02-22 09:19:19.00148+00,e1848554-ffae-479c-a8cd-4c0d77b7bed2,2026-03-19 15:55:50.007522+00,0,0,0,2026-03-19 15:55:50.007522+00,0,null,null,null,false,null,null,null,null,true,9e4a649a-6da4-4081-968b-59cfed145577,null,null,"{""tables"":{""1"":{""rows"":[],""columns"":[]}}}",null,[],null,null
29fd1b4d-1525-4e96-ab6f-d0f6d7e9dba6,「ついに（遂に/終に）」,"「ついに（遂に/終に）」は、長期間の経過や努力の末、最終的にある結果（特に待望の結末や、逆に避けられない結末）に到達したことを強調する言葉です。「やっと」「とうとう」と同様に、ドラマチックな展開や最終的な結果を表現する際に用いられます。 
「ついに」の主な意味と使い方
念願の達成・ドラマチックな結末： 長い間待っていたこと、または努力してきたことが実現した時。
例：「ついに優勝を果たした」「5年越しで、ついに完成した」
最終的な結果・到達： 紆余曲折を経て、ある状況に最終的になった時。
例：「疲れ果てて、ついに倒れた」
否定的な結果の到達（打ち消しの語を伴う）： 期待していたことが実現しなかった時。
例：「ついに現れなかった」「ついに夢はかなわなかった」 
関連する言葉との違い
ついに： 結果や結末に強い焦点がある（ポジティブ、ネガティブ両方）。
やっと： 苦労して何とか実現したという、努力の側面に焦点がある。
とうとう： 最終的な結果という事実に焦点がある（「ついに」と近い）。

https://mazii.net/ko-KR/search/word/jako/%E3%81%A4%E3%81%84%E3%81%AB

◆ 드디어; 마침내; 결국.

遂に夢が叶う
드디어 꿈이 이루어지다

遂に完成を見た
드디어 완성을 봤다

遂に優勝をつかんだ
마침내 우승을 거머쥐었다

◆ (부정(否定)하는 말이 따라서) 최후까지; 끝끝내; 끝까지; 종내(終乃); 한 번도.

遂に現われなかった
끝내 나타나지 않았다

遂に口を利かなかった
끝끝내 말을 하지 않았다

遂に帰って来なかった
끝내 돌아오지 않았다","[""import"",""japanese""]",2026-02-22 09:19:19.00148+00,e1848554-ffae-479c-a8cd-4c0d77b7bed2,2026-03-19 15:55:50.007522+00,0,0,0,2026-03-19 15:55:50.007522+00,0,null,null,null,false,null,null,null,null,true,c9b0b0c4-d536-484c-a7ff-6e8f0c2e2ea6,null,null,"{""tables"":{""1"":{""rows"":[],""columns"":[]}}}",null,[],null,null
2d46bc69-5b8f-46ed-ae1a-eb58967056f4,「覚（さ）ます」,"「覚（さ）ます」は、眠っている人を起こす（目を覚ます）、酔いを醒ます、または迷いや夢から醒めさせる（現実に戻す）という意味を持つ他動詞です。眠りや意識が混濁した状態から、通常の状態へ移行させる行為を指します。 
主な意味と用法
目を覚ます: 眠っている人を起こす。 (例: 目覚まし時計が私を覚ます)
醒ます（酔い）: 酔った状態から正気に戻す。
迷いを覚ます: 心の惑いを解く、現実を見させる。 
関連語
覚める/醒める (自動詞): 自然に目が覚める、酔いがさめる。
冷ます (同音異義語): 温度を下げる。 
「覚ます」は「眠り」や「意識」の能動的な「さめ」を指す際によく使われます。 

https://mazii.net/en-US/search/word/jako/%E3%81%95%E3%81%BE%E3%81%99

◆ 깨다; 깨우다.
◆ 잠∙꿈 등에서 벗어나게 하다.

眼気を覚す
졸음을 깨우다

爆音に驚かされて目を覚ます
폭음에 놀라서 잠을 깨다

雨の音に目を覚した
빗소리에 잠을 깼다

◆ 술기운 등을 사라지게 하다.

酔いを覚す
취기를 깨다

その人は酔いを覚してから帰った
그 사람은 술이 깬 뒤에 돌아갔다

◆ 깨우치다; (미혹 등에서) 깨닫게 하다.

青少年の迷いを覚す。
청소년을 미망(迷妄)에서 깨어나게 하다","[""import"",""japanese""]",2026-02-22 09:19:19.00148+00,e1848554-ffae-479c-a8cd-4c0d77b7bed2,2026-03-19 15:55:50.007522+00,0,0,0,2026-03-19 15:55:50.007522+00,0,null,null,null,false,null,null,null,null,true,e364a9b1-d3cc-484b-b9a0-8210c1c6924e,null,null,"{""tables"":{""1"":{""rows"":[],""columns"":[]}}}",null,[],null,null
2d9a29fe-4ab9-4ccb-bc3c-27c43d0d89db,しょうがない　N2,"Netflix　Talk Queens　07

「しょうがない（仕様がない）」は、どうしようもない、避けられない、仕方がないという意味の日本語です。解決策がない状況や、避けられない運命を受け入れる際に使われ、類語には「仕方がない」「やむを得ない」「致し方ない」などがあります。また、「～てしょうがない」の形で、我慢できないほど感情が強い状態も表します。 
詳細な解説は以下の通りです。
1. 基本的な意味と使い方
「仕方がない」「どうにもならない」: 状況が変えられないことを受け入れるニュアンス。
例：「電車が遅れたのなら、遅刻するのもしょうがない」。
「避けられない」「必然的な」: 運命的なものや不可抗力。
例：「これ以上はしょうがない」。 
2. 関連表現とニュアンスの違い
しょうがない / しようがない: 100%同じ意味で、カジュアルな会話から日常会話まで幅広く使われます。
仕方がない: 「しょうがない」より少し丁寧で、硬い表現。書き言葉や少しフォーマルな場でも使われます。
致し方ない: 最もフォーマルな表現で、ビジネスシーンで使用されます。
やむを得ない: 状況的に避けられないという意味で、「致し方ない」に近い。 
3. 「～てしょうがない」の用法
感情や身体的感覚が抑えられないほど強いことを表します（「～てしかたがない」も同義）。
例：「寒くてしょうがない」。
例：「会いたくてしょうがない」。 
4. 類語
「是非もなし」
「止むを得ない」
「しょうがない」は、ネガティブな状況を「もうこれ以上どうしようもない」と受け入れて、次へ進もうとする日本人特有の受容的な感性を表す言葉としても使われます。

https://nihongo.co.kr/%EF%BD%9E%E3%81%A6%E3%81%97%E3%82%87%E3%81%86%E3%81%8C%E3%81%AA%E3%81%84%E3%83%BB%EF%BD%9E%E3%81%A6%E3%81%97%E3%81%8B%E3%81%9F%E3%81%8C%E3%81%AA%E3%81%84/

【～てしょうがない】

私は会社の飲み会が嫌でしょうがないのですが、上司に誘われたからには行くしかありません。
나는 회사 회식이 싫어 죽겠지만 상사에게 권유 받았기에 갈 수밖에 없습니다. 

日本で地震があったので、日本にいる家族が心配でしかたありません。
일본에서 지진이 있었기 때문에 일본에 있는 가족이 걱정되어 미치겠습니다. 

昨日会った彼女のことが気になってしょうがないです。
어제 만난 그녀가 신경 쓰여 죽겠습니다. 

彼女のいない人生なんて、考がえられない。もう死にたくてしょうがない。
그녀가 없는 인생 따윈 생각할 수 없다. 죽고 싶어 죽겠다. 

最近、ちょっと疲れているのかな？眠くて眠くてしょうがない。
요즘 좀 피곤한 건가? 졸려 미치겠다. 

今日はなんだかカレーが食べたくてしょうがない。
오늘은 왠지 카레가 먹고 싶어 못 참겠다. 

あれ、風邪をひいたかな？なんだか寒くてしょうがない。熱でも測ってみるか。
어? 감기 걸린 건가? 추워 미치겠어. 열이라도 재 볼까?

【～てしかたがない】

祖父は今年生まれた孫がかわいくてしかたがないようだ。
할아버지는 올해 태어난 손주가 귀여워서 어쩔 줄 모르겠는 것 같다. 

最近は暇で暇でしかたがない。
요즘 한가해 미치겠다. 

先日受けた試験の結果が気になってしかたがない。
얼마전 치른 시험결과가 걱정돼 미치겠다. 

昨日の試合、頑張ったのに負けてしまって、悔しくてしかたがない。
어제시합 열심히 했는데 져버려서 분해 죽겠다. 

月曜日は会社に出勤するのがめんどくさくてしかたがない。
월요일은 회사에 출근하는 게 귀찮아 죽겠다.","[""import"",""japanese""]",2026-02-22 09:19:19.00148+00,e1848554-ffae-479c-a8cd-4c0d77b7bed2,2026-03-19 15:55:50.007522+00,0,0,0,2026-03-19 15:55:50.007522+00,0,null,null,null,false,null,null,null,null,true,697bd34f-b87f-4754-9d99-c50e1470ec46,null,null,"{""tables"":{""1"":{""rows"":[],""columns"":[]}}}",null,[],null,null
34d3901a-ac74-416b-81ea-97b7c52dfdd8,「駆け上がる（かけあがる）」,"Netflix　Talk Queens　03

「駆け上がる（かけあがる）」とは、走るようにして坂や階段などを勢いよく登っていくこと、または急速に地位や名声を高めていくことを指し、「上り詰める」「のし上がる」といった意味合いもありますが、基本は「走って上がる」という動作の表現で、「階段を駆け上がる」「坂道を駆け上がる」のように使われます。 
意味と使い方
物理的に勢いよく登る:
例：「彼は息を切らしながら階段を駆け上がった。」（run up the stairs）
例：「丘の頂上まで一気に駆け上がる。」（run up to the top of a hill）
比喩的に地位や名声を急速に高める:
例：「若手俳優が人気番組で駆け上がった。」（rapidly gained fame）
類語：「のし上がる」「台頭する」「急成長する」など。 
類語
物理的なもの: 駆けのぼる、走って上がる、這い上がる、よじ登る。
比喩的なもの: のし上がる、台頭する、急伸する、頭角を現す。 
英語での表現例
run up (the stairs, a hill)
dash up (the stairs)
storm up (the stairs, to the stage)

https://mazii.net/ko-KR/search/word/jako/%E9%A7%86%E3%81%91%E4%B8%8A%E3%81%8C%E3%82%8B

◆ 뛰어 올라가다.

階段を駆上 がる
계단을 뛰어 올라가다.","[""import"",""japanese""]",2026-02-22 09:19:19.00148+00,e1848554-ffae-479c-a8cd-4c0d77b7bed2,2026-03-19 15:55:50.007522+00,0,0,0,2026-03-19 15:55:50.007522+00,0,null,null,null,false,null,null,null,null,true,759eda2f-2abc-402a-a734-3df6aa5ada73,null,null,"{""tables"":{""1"":{""rows"":[],""columns"":[]}}}",null,[],null,null
38e5c568-3c9e-4b44-9ba5-d135f5ea43aa,欠かせないルーティーン,"https://youtu.be/PrUY5I8WACg?si=qSeR6ytmNLVxmKr_

失かせないルーティーン

「欠かせない（かかせない）」、「なくてはならない」「必要不可欠である」という意味を持つ表現です。 
日常や仕事の場面で、絶対に外せない要素や重要な存在を表す際によく使われます。
主な使い方・例文
「生活に欠かせないインフラ」（通信やインフラなど）
「健康な指先に欠かせない保湿」（スキンケアや習慣など）
「お正月には欠かせないおせち料理」（行事や習慣） 
注意点
通常は「欠かせない」と書くことが多いですが、「失かせない」と表記される場合、文脈によっては「（大切なものを）失くすことができない」「絶対に無くせない」というニュアンスを含んで使われることもあります。
基本的には「必要」を意味する「欠かせない」の用法で覚えておくと便利です。

https://www.kpedia.jp/w/10824

「無くす」の韓国語「잃다」を使った例文

・길을 잃어서 같은 곳을 왔다갔다 했다.
道に迷い、同じところを行ったり来たりした。

・쓰나미로 인해 많은 사람이 목숨을 잃었다.
津波によって多くの命が奪われた。

・잃었던 물건을 찾았다.
失くしていた物を見つけた。

・나는 역에 가는 도중에 지갑을 잃어 버렸다.
私は駅に行く途中に財布をなくしました。

・모든 것을 잃는 것은 아니다.
すべてが失われるわけではない。

・그녀는 중학교 때 교통사고로 어머니를 잃었다.
彼女は中学生時代に交通事故で母を亡くした

・돈과 신용을 잃다.
お金と信用を失う。

・인생의 모든 것을 잃었다.
人生のすべてを失った。

・소중한 사람을 잃었다.
大切な人を亡くした。

・나는 열여덟 살에 가장 사랑하는 어머니를 잃었다.
私は18歳で最愛の母を失った。

・사랑하는 딸을 잃었다.
愛する娘を失った。

・네 살 때 부모님을 잃었다.
4歳で両親を亡くした。

・아들을 잃은 상처를 안고 살고 있다.
息子を亡くした傷を抱えて生きている。

・건강을 잃으면 모든 것을 잃는다.
健康を失えば、すべてのことを失う。

・파죽지세로 성장한 그 회사는 올해 들어 여러 문제로 고객의 신뢰를 잃었다
破竹の勢いで成長したあの会社は、今年に入って様々なトラブルで顧客の信頼を失った。

・지나친 호객은 오히려 손님을 잃게 만든다.
過度な客引きは、かえって客を失う。

・비판 속에서도 그는 위풍당당함을 잃지 않았다.
批判の中でも、彼は威風堂々とした態度を失わなかった。

・인간애에 대한 믿음을 잃지 않았다.
人間愛への信念を失わなかった。

・기껏 고생해서 돈을 벌었는데 잃어버렸다.
せっかく苦労して稼いだお金を失くしてしまった。

・기껏 준비한 선물을 잃어버렸다.
せっかく準備したプレゼントを失くしてしまった。

・타당한 이유 없이 행동하면 신뢰를 잃는다.
妥当な理由なしに行動すると信頼を失う。

・채신없는 행동을 반복하면 신뢰를 잃는다.
軽率な行動を繰り返すと信頼を失う。

・약아빠지게 처신하면 사람들에게 신뢰를 잃을 수도 있다.
ちゃっかり立ち回ると、人々の信頼を失うこともある。

・가뜩이나 어려운 살림에 직업까지 잃었다.
そうでなくても苦しい暮らしなのに職も失った。

・금전 문제로 신뢰를 잃었다.
金銭問題で信頼を失った。","[""import"",""japanese""]",2026-02-22 09:19:19.00148+00,e1848554-ffae-479c-a8cd-4c0d77b7bed2,2026-03-19 15:55:50.007522+00,0,0,0,2026-03-19 15:55:50.007522+00,0,null,null,null,false,null,null,null,null,true,d09deba1-18c9-41b1-ad34-6244a555cc47,null,null,"{""tables"":{""1"":{""rows"":[],""columns"":[]}}}",null,[],null,null
3ab493b1-05ee-426e-ab15-f1c20f34d6f9,「イラッとした」,"「イラッとした」時は、怒りのピークである最初の「6秒」をやり過ごすのが効果的です。深呼吸をする、その場を離れる、心の中で数字を数える（アンガーマネジメント）などが有効です。溜め込まず、疲労回復や運動、趣味で気分転換をして、心の余裕を取り戻しましょう。 
イラッとした時の具体的な対処法
6秒待つ・数える: 怒りの感情（アドレナリン）のピークは最初の6秒です。数字を数えることで理性を取り戻しやすくなります。
深呼吸・その場を離れる: 一旦物理的に距離を置き、気持ちを落ち着かせます。
原因を書き出す: 何にイライラしたのかを書き出し、客観視して整理します。
思考の切り替え: 「他人は思い通りにならない」と認識したり、イライラするメリットを考えてみたりします。
身体を動かす・リラックス: ヨガ、ストレッチ、散歩などでセロトニンを増やし、ストレスを解消します。 
イラつく原因の傾向
仕事・家庭のストレス: 思った通りにいかない、家事分担の不満など。
期待とのズレ: 相手に期待しすぎていた場合。
身体の疲れ: 疲労やストレスが溜まっているとイライラしやすくなります。 
まずはひと呼吸おいて、自分に合った発散方法を見つけてみてください。","[""import"",""japanese""]",2026-02-22 09:19:19.00148+00,e1848554-ffae-479c-a8cd-4c0d77b7bed2,2026-03-19 15:55:50.007522+00,0,0,0,2026-03-19 15:55:50.007522+00,0,null,null,null,false,null,null,null,null,true,60acb7dd-d756-4883-8d24-bb6ac4e6e9f2,null,null,"{""tables"":{""1"":{""rows"":[],""columns"":[]}}}",null,[],null,null
3b530bbc-af8c-48e1-a98b-7b118550f32e,「物凄い（ものすごい）」,"https://youtu.be/kDFKrA89kj0?si=81zYInY2f-mO6lmb

やった目見ていかがですか？
ものスゴい緊張しました。

chromeAI

それは本当にお疲れ様でした！「ものスゴい」という言葉から、心臓がバクバクするような、かなりの大舞台や重要な局面だったことが伝わってきます。
無事に終わって（あるいは一段落して）、今ホッとされているところでしょうか。
まずは、その緊張に耐え抜いたご自身を、思いっきり労ってあげてください。
「よく頑張った」「緊張するのも当然なくらい大事なことだった」と認めてあげて、今日は温かいものを飲んだり、ゆっくりお風呂に入ったりして、心と体を休めてくださいね。
本当にお疲れ様でした。素晴らしいです！

「物凄い（ものすごい）」は、程度が並外れてはなはだしい様子、または非常に恐ろしく気味が悪い様子を指す形容詞です。単に「すごい」よりも程度が強調され、物事の激しさや桁外れな様子（例：物凄い人出、物凄い速さ）を表現する際に使われます。 
主な意味と使い方
程度が普通をはるかに超えている（はなはだしい）
例文：人出が物凄い、物凄い音、物凄い速さ。
非常に恐ろしい、気味が悪い
例文：怒った顔が物凄い、物凄い断崖絶壁。 
類語・類義表現
猛烈な、凄まじい、激烈な、強烈な（勢いが強い）
桁違い、並み外れ、甚だしい、えらい（程度が並外れている）
非常、とても、すごく、滅法（めっぽう）（強調の副詞的用法） 
類語として「凄まじい」「猛烈」などが挙げられ、非常に強いインパクトや恐れを感じる状況で用いられます。","[""import"",""japanese""]",2026-02-22 09:19:19.00148+00,e1848554-ffae-479c-a8cd-4c0d77b7bed2,2026-03-19 15:55:50.007522+00,0,0,0,2026-03-19 15:55:50.007522+00,0,null,null,null,false,null,null,null,null,true,f9961bee-0da2-41e1-ad19-5994bb178d5e,null,null,"{""tables"":{""1"":{""rows"":[],""columns"":[]}}}",null,[],null,null
3d81d2ea-b31a-486c-8ce0-09f836c29e84,「しぶとい」,"Netflix　ワンピース４７４話

「しぶとい」とは、簡単には負けたり、諦めたり、排除されたりしない、粘り強さや強情さを持つ様子を指す言葉です ウィクショナリー。困難な状況でも耐え抜く、あるいは何度失敗しても諦めずに続ける、しつこいほどの粘り強さを指す形容詞です。 
しぶといの意味と特徴
粘り強い・へこたれない: 困難に負けず、最後まで諦めずに続ける様子 コトバンク。
しつこい・強情: 自分の意見を曲げない、頑固である ウィクショナリー。
排除しにくい: なかなか解決・排除できない様子。 
言い換え・類語
粘り強い
我慢強い
根気強い
しつこい
頑固な
負けず嫌い 
例文
彼はとてもしぶといので、逆境でも諦めない。
この汚れはしぶとくて、なかなか落ちない。
しぶとい神経の持ち主だ。

https://mazii.net/ko-KR/search/word/jako/%E3%81%97%E3%81%B6%E3%81%A8%E3%81%84

◆ 고집이 세다; 완고하다; 끈질기다; 강인하다.

しぶとい人間だ
고집이 센 인간이다

しぶとく食いさがる
끈질기게 물고 늘어지다

しぶとく生き残る
끈질기게 살아남다","[""import"",""japanese""]",2026-02-22 09:19:19.00148+00,e1848554-ffae-479c-a8cd-4c0d77b7bed2,2026-03-19 15:55:50.007522+00,0,0,0,2026-03-19 15:55:50.007522+00,0,null,null,null,false,null,null,null,null,true,7c9c02e5-d7d9-471a-b35d-d7a28df501d0,null,null,"{""tables"":{""1"":{""rows"":[],""columns"":[]}}}",null,[],null,null
3e9d78ad-8c99-45ed-9661-e7e2ca91504d,日傘（ひがさ）,"日傘（ひがさ）は、日差しや紫外線を遮り、暑さ対策や日焼け防止を目的とした傘で、遮光性・UVカット率・遮熱性が重要視され、素材（ポリエステル、綿、麻など）や色（黒は遮光、白は遮熱）、タイプ（長傘、折りたたみ）が多様で、最近では男性用や「晴雨兼用」も人気が高く、高機能な「完全遮光」タイプも豊富です。 
日傘の選び方
目的で選ぶ：
日焼け・紫外線対策重視：黒など濃い色は紫外線を吸収しやすく、遮光性が高いです。内側が黒いと照り返し対策にもなります。
暑さ（遮熱性）重視：白やシルバーなど明るい色は太陽光を反射し、熱をこもらせません。熱吸収を抑えたいならこちら。
機能性で選ぶ：
完全遮光：遮光率100%・UPF50+（最高値）の生地を使った高機能な製品です。
晴雨兼用：急な雨にも対応できる防水性を兼ね備え、機能性と品格を両立できます。
素材とタイプ：
素材：ポリエステルが一般的ですが、綿、麻、絹などの天然素材も使われます。
タイプ：持ち運びやすい「折りたたみ傘」と、しっかりした作りの「長傘」があります。
サイズ：親骨（中心から端までの長さ）が成人女性で60cm、男性で65cm程度が目安です。 
主な種類と特徴
遮光・UVカット重視：濃い色で、裏地が黒いものが多い。紫外線を通さず、日焼けを防ぎます。
遮熱・涼しさ重視：白や明るい色で、熱を反射して傘の下の温度上昇を抑えます。
晴雨兼用：遮光・UVカットと撥水・防水の両機能を持ち、オールシーズン・天候対応で便利です。
折りたたみ傘：軽量でコンパクト、持ち運びに便利で、急な雨や日差しに対応できます。 
日傘は、目的や季節に合わせて、色や機能、素材を考慮して選ぶと快適に過ごせます。","[""import"",""japanese""]",2026-02-22 09:19:19.00148+00,e1848554-ffae-479c-a8cd-4c0d77b7bed2,2026-03-19 15:55:50.007522+00,0,0,0,2026-03-19 15:55:50.007522+00,0,null,null,null,false,null,null,null,null,true,2873200c-abb3-4c36-8aca-916e09f6fce7,null,null,"{""tables"":{""1"":{""rows"":[],""columns"":[]}}}",null,[],null,null
3ef5f739-faa4-4849-b679-e0f3f22096d7,「喋らんといて」,"「喋らんといて」は「喋らないで」「話さないで」という意味の関西弁や口語表現で、「しゃべる（話す）」の否定形「喋らへん」と、禁止や依頼を表す「〜んといて」が組み合わさったものです。つまり、「話すのをやめて」「黙って」と相手に伝えている命令や軽い要求になります。 
解説:
喋らんといて = 喋る（話す）＋〜んといて（〜しないで）
〜んといて は、「〜（し）ないで」という禁止や依頼を表す表現で、「〜んといてよ」のように使われることもあります。 
例文:
「もう喋らんといてや！」（もう喋らないでよ！）
「うるさいから喋らんといて」（うるさいから黙って） 
文脈によっては「もう話しかけないで」「黙ってて」といったニュアンスで使われます。","[""import"",""japanese""]",2026-02-22 09:19:19.00148+00,e1848554-ffae-479c-a8cd-4c0d77b7bed2,2026-03-19 15:55:50.007522+00,0,0,0,2026-03-19 15:55:50.007522+00,0,null,null,null,false,null,null,null,null,true,07f1cf98-740a-477d-80ad-508edc003dba,null,null,"{""tables"":{""1"":{""rows"":[],""columns"":[]}}}",null,[],null,null
48295fae-e689-4263-a3cc-520bac35a5a2,「備えて（そなえて）」,"「備えて（そなえて）」は、将来起こるかもしれない不測の事態や必要性に対し、前もって準備や用意をしておく、あるいは必要なものを整えておくことを指す言葉です。防災準備や、リスク管理（「万が一に備えて」）など、事前に心身や物理的な態勢を整える文脈で幅広く使われます。 
主な意味と使い方
事前の準備: 災害やトラブルに備えて、食料や備品をストックする。
設備・機能の保有: 必要な性能や機能をあらかじめ整える、あるいは持たせる。
心の準備: 不安や危険に対して、精神的に心構えをする。 
関連する表現
万が一に備えて: 万一の事態を予想して準備する（念のため、大事をとって）。
準備を整える: 必要なものを全てそろえておく。
備えあれば憂いなし: 前もって準備をしておけば、いざという時にも心配ないという教え。","[""import"",""japanese""]",2026-02-22 09:19:19.00148+00,e1848554-ffae-479c-a8cd-4c0d77b7bed2,2026-03-19 15:55:50.007522+00,0,0,0,2026-03-19 15:55:50.007522+00,0,null,null,null,false,null,null,null,null,true,e26697e6-ef8c-417f-a0b1-3e6a085db1c2,null,null,"{""tables"":{""1"":{""rows"":[],""columns"":[]}}}",null,[],null,null
4a0a7996-52cc-415a-8ef2-d16c9603f2d0,通報（つうほう）,"通報（つうほう）は、事件・事故・違反などの情報を緊急機関や関係機関に知らせることです。緊急時は110番（警察）や119番（消防・救急）へ電話し、状況に応じて匿名での通報や、警察相談専用電話「＃9110」の利用も可能です。ネット上の犯罪はインターネット・ホットラインセンターへ報告します。 
主な通報窓口と用途
警察 (110番): 事件・事故の発生、犯罪の目撃など緊急事態。
消防・救急 (119番): 火災、急病、事故による救急搬送。
警察相談専用電話 (#9110): ストーカー、DV、悪質商法など緊急ではない悩み・相談。
インターネット・ホットラインセンター: ネット上の違法・有害情報。
匿名通報ダイヤル: 暴力団や特殊詐欺、薬物犯罪などの情報提供。 
通報時のポイント
110番・119番: 「場所」「何が起きたか」「負傷者の有無」「通報者の氏名・連絡先」を落ち着いて伝えます。
匿名性: 犯罪の通報は匿名でも可能であり、警察は必要に応じて対応します。
SNS・ネット: チャットやSNS上の迷惑行為は各プラットフォームの機能で通報できます。 
緊急でない相談は「＃9110」や最寄りの警察署を利用してください。","[""import"",""japanese""]",2026-02-22 09:19:19.00148+00,e1848554-ffae-479c-a8cd-4c0d77b7bed2,2026-03-19 15:55:50.007522+00,0,0,0,2026-03-19 15:55:50.007522+00,0,null,null,null,false,null,null,null,null,true,b9e78177-a10d-40eb-8daf-9ebf97e28f6e,null,null,"{""tables"":{""1"":{""rows"":[],""columns"":[]}}}",null,[],null,null
4b2a612a-fa6b-4ba1-aff0-72bf8f642ec4,「拝見（はいけん）」,"「拝見（はいけん）」とは、「見る」の謙譲語で、目上の人や相手に敬意を表し、自分がへりくだって物事を見る・確認する・会うことを意味します。ビジネスシーンで資料やメールを確認した際、「拝見しました」のように使われ、相手を立てて自分の行為を低く言う表現です。 
意味と使い方
「見る」の謙譲語: 自分がへりくだることで相手を立てる表現です。
対象: 相手から送られた資料、メール、作品、相手の姿（会うこと）など。
例文:
「お送りいただいた企画書を拝見しました。大変参考になりました。」
「ご連絡いただいたメールを拝見しました。」
「先日、会議でお姿を拝見しました。お元気そうで何よりです。」 
注意点
二重敬語に注意: 「拝見させていただきます」は二重敬語（謙譲語＋「させてもらう」）なので、「拝見します」「拝見いたしました」が適切です。
「拝見する」と「拝読する」: 「拝読」は「読む」の謙譲語で、「拝見」は「見る」の謙譲語ですが、文脈で自然な方を使えば問題ありません。","[""import"",""japanese""]",2026-02-22 09:19:19.00148+00,e1848554-ffae-479c-a8cd-4c0d77b7bed2,2026-03-19 15:55:50.007522+00,0,0,0,2026-03-19 15:55:50.007522+00,0,null,null,null,false,null,null,null,null,true,628cf2ab-52ed-4b5c-a1cb-4efb28653173,null,null,"{""tables"":{""1"":{""rows"":[],""columns"":[]}}}",null,[],null,null
4c15dc5e-65bc-4f80-94be-2923899bf1a3,「段々」,"https://www.kpedia.jp/w/12158

「段々」の韓国語「점점」を使った例文

・점점 더워진다.
だんだん暑くなる。

・점점 추워진다.
だんだん寒くなる。

・점점 어두워진다.
だんだん暗くなる。

・기분이 점점 나빠지다.
気分が次第にわるくなる。

・밤이 점점 깊어 갑니다.
夜が次第にふけていきます。

・점점 그가 궁금해졌다.
少しずつ彼が気になって来た。

・사랑을 믿지 않는 그가 점점 좋아하게 되었다.
愛を信じない彼が徐々に好きになった。

・점점 더 많은 기업이 환경 문제에 대처하고 있다.
ますます多くの企業が環境問題に取り組んでいる。

・그의 리더십을 점점 인정받게 되었다.
彼のリーダーシップがますます認められるようになった。

・그 가게의 인기는 점점 상승하고 있다.
その店の人気はますます上昇している。

・이 영화의 평가가 점점 높아지고 있다.
この映画の評価がますます高まっている。

・점점 진화하는 테크놀로지에 놀라고 있다.
ますます進化するテクノロジーに驚いている。

・그의 음악 스타일은 점점 다양해지고 있다.
彼の音楽のスタイルはますます多様化している。

・일본어능력시험 공부를 하다보면 점점 자신감이 생긴다.
日本語能力試験の勉強をしていると、ますます自信がつく。

・점점 더 많은 사람들이 인터넷을 이용하고 있다.
ますます多くの人がインターネットを利用している。

・점점 고령화 사회가 진행되고 있다.
ますます高齢化社会が進んでいる。

・점점 더 많은 학생들이 유학을 희망하고 있다.
ますます多くの学生が留学を希望している。

・그의 건강 상태가 점점 좋아지고 있다.
彼の健康状態がますます良くなっている。

・그녀의 요리 솜씨가 점점 늘고 있다.
彼女の料理の腕前がますます上達している。

・이 책은 점점 더 독자들에게 사랑받고 있다.
この本はますます読者に愛されている。

・귀차니스트 성향이 점점 심해진다.
面倒くさがりな性格がだんだん強くなっている。

・가벼이 시작한 일이 점점 커졌다.
軽い気持ちで始めたことが、次第に大きくなった。

・시집살이 문화가 점점 사라지고 있다.
嫁入り後の生活文化はだんだん消えつつある。

・아이가 점점 얌전해졌다.
子どもがだんだんおとなしくなった。

・상황이 점점 이상야릇해졌다.
状況がだんだん怪しくなってきた。

・핼로윈 분위기가 점점 커지고 있다.
ハロウィンの雰囲気がだんだん高まっている。

・요즘은 이웃사촌 같은 사람들이 점점 줄어든다.
最近は、隣人も親戚も同然のような人がだんだん少なくなっている。

・환경 보호에 대한 담론이 점점 중요해지고 있다.
環境保護に関する言説がますます重要になっている。

・그의 태도에 점점 싫증이 났다.
彼の態度にだんだん嫌気がさしてきた。

・매일 불평을 듣다 보면 점점 싫증이 난다.
毎日の不満を聞いていると、だんだん嫌気がさしてくる。
< 前   次 >

	印刷する
	

時間・頻度関連の韓国語
오밤중（真夜中）
여섯 시（6時）
새벽녘（明け方）
오십 분（50分）
옛적（昔）
언제쯤（いつ頃）
다섯 시（五時）
매번（毎回）
때（時）
점점 더（さらに）
아침저녁（朝晩）
과거（過去）
벌건 대낮（白昼）
한밤중（真夜中）
시곗바늘（時計の針）
초기（初期）
종종（時々）
한참 동안（しばらくの間）
전후（前後）
일시（一時）
＜一覧を見る＞
基本単語オンライン韓国語教室
色
模様
図形
大きさ
単位
状態・様子
感覚
お金
順番
方向・位置
時間・頻度
曜日と日にち
季節と年月","[""import"",""japanese""]",2026-02-22 09:19:19.00148+00,e1848554-ffae-479c-a8cd-4c0d77b7bed2,2026-03-19 15:55:50.007522+00,0,0,0,2026-03-19 15:55:50.007522+00,0,null,null,null,false,null,null,null,null,true,7f94e241-117b-488d-bb9e-82fbf8d4a73d,null,null,"{""tables"":{""1"":{""rows"":[],""columns"":[]}}}",null,[],null,null
4dcaa1af-62dc-42cb-810a-ec6bb5504f0f,「引く（ひく）」,"「引く（ひく）」は、「自分の方向へ動かす（引っ張る、引く）」、「病気にかかる（風邪を引く）」、「減らす（計算で引く）」、「線を引く」、「引用する」、「後退する」、「関心を惹く」、「演奏する（弾く）」など、文脈によって非常に多くの意味を持つ日本語の動詞です。単に「引く」だけでなく、「引く」というカタカナで使われるスラングでは「なんだか冷める」「しらける」「盛り上がりがなくなる」といった、失望や警戒によるネガティブな感情を表すこともあります。 
主な意味と用例
物理的な動作:
引っ張る: 綱を引く (つな を ひく)、弓を引く (ゆみ を ひく)。
引き寄せる: 興味を引く (きょうみ を ひく)、注意を引く (ちゅうい を ひく)。
引く/退く（しりぞく）: 潮が引く (しお が ひく)、引退する (いんたい する)。
感染・受傷:
風邪を引く (かぜ を ひく)。
計算・操作:
3から2を引くと1になる (さん から に を ひく と いち に なる)。
線を引く (せん を ひく)。
辞書を引く (じしょ を ひく)。
引用・例示:
例を引く (れい を ひく)、引用する (いんよう する)。
演奏:
ピアノを弾く (ぴあ の を ひく)。
俗語 (ひく):
「社長の冗談にみんな引いた」(しゃちょう の じょうだん に みんな ひい た) - 「しらけてしまった」「冷めてしまった」という意味。 
このように、「引く」は非常に多様な意味を持つため、文脈や漢字（引く、曳く、挽く、惹く、弾く、轢くなど）によって意味を判断することが重要です。","[""import"",""japanese""]",2026-02-22 09:19:19.00148+00,e1848554-ffae-479c-a8cd-4c0d77b7bed2,2026-03-19 15:55:50.007522+00,0,0,0,2026-03-19 15:55:50.007522+00,0,null,null,null,false,null,null,null,null,true,d2101626-f63a-433f-905a-53e4fad1860e,null,null,"{""tables"":{""1"":{""rows"":[],""columns"":[]}}}",null,[],null,null
5613fcce-450b-4e63-9a08-fe6d193d8df6,「挟まれて（はさまれて）」,"https://youtu.be/HLiervLfbbo?si=3rb0BOjxkdV0qamW

こんな感じでベーコンとチーズが挟まれていて...
이런식으로 베이컨과 치즈가 끼워져있고

「挟まれて（はさまれて）」は、二つの物の間に入り込んだ状態や、両側から押さえつけられて動けない状態を指す言葉です。物理的な位置関係や、仕事・事故の危険シーン（機械への挟まれ）、あるいは精神的な板挟み状態などで用いられます。 
Yahoo!ニュース
Yahoo!ニュース
 +3
主な意味と使い方
類語・関連語
板挟み（いたばさみ）
狭間（はざま）
挟まる（はさまる）
巻き込まれる（まきこまれる） 
類義語として「狭間で」「間」なども使われます。","[""import"",""japanese""]",2026-02-22 09:19:19.00148+00,e1848554-ffae-479c-a8cd-4c0d77b7bed2,2026-03-19 15:55:50.007522+00,0,0,0,2026-03-19 15:55:50.007522+00,0,null,null,null,false,null,null,null,null,true,d9973997-9a9e-4bca-9b2a-a0f7985b6c43,null,null,"{""tables"":{""1"":{""rows"":[],""columns"":[]}}}",null,[],null,null
56c4dd40-2e2b-405e-a857-f71729599f76,つまり,"https://youtu.be/_kp2NeaJsCc?si=iPHmFidWVtlsU7Fb

つまりどういう意味か分かるか？

https://mazii.net/ko-KR/search/word/jako/%E3%81%A4%E3%81%BE%E3%82%8A

◆ 막히거나 가득 참; 또, 그 상태.

排水溝の詰まり
배수구가 막힘

流し台の詰まりの原因
싱크대 막힘 원인

トイレの詰まりで困っている
화장실이 막혀 애먹고 있다

◆ 줄어듦; 오그라듦.

袖丈の詰まり具合
소매 길이가 줄어든 상태

◆ 끝(장); 막판; 막다른 곳.

とどの詰まり
최후; 종말

身の詰まり
막다른 신세

https://www.kpedia.jp/w/12161

「つまり」の韓国語「즉」を使った例文

・이것이 즉 이 글의 핵심입니다.
これがすなわちこの文章の核心です。

・일본과 한국은 운전석이 반대이다. 즉, 한국은 왼쪽에 운전석이 있다.
日本と韓国は運転席の位置が反対だ。つまり、韓国は左に運転席がある。

・저 사람은 나의 아버지의 남동생입니다. 즉 나의 작은아버지입니다.
あの人は僕の父の弟です。つまり､僕のおじです。","[""import"",""japanese""]",2026-02-22 09:19:19.00148+00,e1848554-ffae-479c-a8cd-4c0d77b7bed2,2026-03-19 15:55:50.007522+00,0,0,0,2026-03-19 15:55:50.007522+00,0,null,null,null,false,null,null,null,null,true,8eb677f5-9e63-465f-b33a-72b66c59844a,null,null,"{""tables"":{""1"":{""rows"":[],""columns"":[]}}}",null,[],null,null
571d3c4e-b896-4c67-b4d3-e305643a9067,生しらす,"https://youtu.be/1yAAeWj2ch8?si=xAyfHwXk8aOx22eo

生しらすは、カタクチイワシ等の稚魚を水揚げ直後に急速冷凍・出荷した、プリプリの食感とほのかな苦味が特徴の逸品。新鮮なものは生姜醤油や酢みそで食べるのが定番で、産地直送の冷凍品や通販でも人気。賞味期限が非常に短いため、解凍後はすぐに食べるのが鉄則。 
特徴と魅力
食感と味: プリプリとした食感と、苦味が混ざる爽やかな海の味。
旬と産地: 3〜10月が旬（特に春〜秋）で、静岡（駿河湾）、淡路島、鎌倉などが有名。
栄養: カルシウム、ビタミンD、鉄分などが豊富。 
食べ方・保存
定番料理: 生しらす丼、お刺身、ポン酢和え、軍艦巻き。
保存法: 冷凍で1ヶ月程度、解凍後は当日中。
下処理: 新鮮なものはそのまま食べられるが、気になる場合は冷水でさっと洗う。 
注意点
鮮度: アジ（味）が落ちやすく、新鮮でないと苦味や臭みが出やすい。
安全性: 寄生虫（アニサキス）のリスクがあるため、生の魚介類と同様に注意が必要。 
冷凍技術の向上により、現在は淡路島や静岡の最高鮮度の生しらすをネット通販で楽しむことができる。","[""import"",""japanese""]",2026-02-22 09:19:19.00148+00,e1848554-ffae-479c-a8cd-4c0d77b7bed2,2026-03-19 15:55:50.007522+00,0,0,0,2026-03-19 15:55:50.007522+00,0,null,null,null,false,null,null,null,null,true,72bd350e-dfea-420a-bf08-d5009df7ff71,null,null,"{""tables"":{""1"":{""rows"":[],""columns"":[]}}}",null,[],null,null
594a45be-366c-41ef-abb0-94b941611005,「こざかしい（小賢しい）」,"Netflix　ワンピース４７５話

「こざかしい（小賢しい）」は、利口ぶって生意気な様子、または浅薄な知恵で悪賢く立ち回る様子を表す否定的な形容詞です。能力や誠実さが伴わないのに、口先や小手先のずるさで抜け目なく振る舞う態度を指し、ほめ言葉としては使われません。 
主な意味とニュアンス
生意気：年下や下の立場の者が、さしでがましく利口ぶる様子。
悪賢い：小利口で、卑劣なずるさを身につけている。
「小」＋「賢しい」：接頭語の「小」がつき、賢さが大したことない、浅はかであるというニュアンスが含まれる。 
例文
「こざかしい口をきくな」
「あの新人はこざかしい真似ばかりする」
「こざかしい立ち回り」 
類語・言い換え
すばしこい
小利口（こりこう）
ずる賢い
あざとい
抜け目がない 
類語・関連表現
「小賢しい」は「こざか-し」という文語形（形容詞シク活用）に由来します。 
この言葉は、相手が知識をひけらかしたり、ずるく計算高い行動をとる際などに、嫌悪感や不快感を示す表現として使われます。

https://mazii.net/ko-KR/search/word/jako/%E5%B0%8F%E8%B3%A2%E3%81%97%E3%81%84

◆ 똑똑한 체하고 주제넘다; 건방지다; 깜찍하다.

小賢しい口をきく
건방진 소리를 하다

小賢しい真似をするな
주제넘은 짓(을) 하지 마라

◆ 교활하고 빈틈없다; 몹시 약다.

小賢しい手口
교활한 수법

小賢しく立ち回る
약게 굴다","[""import"",""japanese""]",2026-02-22 09:19:19.00148+00,e1848554-ffae-479c-a8cd-4c0d77b7bed2,2026-03-19 15:55:50.007522+00,0,0,0,2026-03-19 15:55:50.007522+00,0,null,null,null,false,null,null,null,null,true,024fc14f-b36a-4e2a-9599-86e0eb47239d,null,null,"{""tables"":{""1"":{""rows"":[],""columns"":[]}}}",null,[],null,null
5ad88549-8d9c-4e40-9083-584f03ed7adc,まぶた（瞼、眼瞼：がんけん）,"鬼滅の刃無限列車編

まぶた（瞼、眼瞼：がんけん）は、眼球を外部の刺激（光、ほこり、異物）から保護し、涙を目の表面に行き渡らせて乾燥を防ぐ、開閉式の薄い組織です。皮膚の中で最も薄く、デリケートで、主に皮膚、瞼板（けんばん）、筋肉、結膜から構成されています。 
まぶたの主な機能と特徴
保護機能: 強い光や異物が目に入った際、反射的に閉じて眼球を守る。
潤い・洗浄: まばたき（瞬目）により、涙の成分を目の表面全体に広げ、角膜の乾燥と感染を防ぐ。
構造: 上まぶたと下まぶたがあり、内部の「瞼板」という板状の組織が構造を支えている。
皮膚の薄さ: 皮膚の中で最も薄く、しわを作りやすい。 
関連する医学的用語や症状
眼瞼下垂（がんけんかすい）: 上まぶたが垂れ下がり、黒目にかぶさる状態。
腫れ・トラブル: 皮膚が薄いため、化粧品、乾燥、疲れ、炎症、または体調（むくみ）で腫れやすい。 
なお、歌手のVaundyによる人気楽曲『まぶた』は、テレビドラマ『女神の教室～リーガル青春白書～』の主題歌です。

https://ja.wikipedia.org/wiki/%E3%81%BE%E3%81%B6%E3%81%9F

まぶた（英: eyelid、瞼/𥇥、目蓋）は、脊椎動物の魚類を除く多くの種にある、顔の皮膚から連続して眼球を上下から覆い保持する不透明で開閉式の器官である。眼瞼（がんけん）とも。","[""import"",""japanese""]",2026-02-22 09:19:19.00148+00,e1848554-ffae-479c-a8cd-4c0d77b7bed2,2026-03-19 15:55:50.007522+00,0,0,0,2026-03-19 15:55:50.007522+00,0,null,null,null,false,null,null,null,null,true,fab7eb3d-a743-4069-9034-9b9ef33b1412,null,null,"{""tables"":{""1"":{""rows"":[],""columns"":[]}}}",null,[],null,null
5c27771f-fb33-4ba2-91e9-e0edd94dca1d,「かつら（鬘）」,"「かつら（鬘）」とは、髪の毛を補ったり、別の髪型に見せたりするために頭にかぶる装身具で、人毛や人工毛でできており、「ウィッグ」とも呼ばれますが、本来は「かずら」と読み、つる草などで作った髪飾りを指し、能楽などでは「かずら」と呼びます。また、「カツラ」は秋に甘い香りのするハート型の葉を持つ落葉高木（桂）を指すこともあり、この木の材は家具などに使われます。﻿
髪の毛を補う「かつら（鬘）」
概要:脱毛症や薄毛のカバー、ファッション、医療用（抗がん剤治療後など）、コスプレ、舞台用など、様々な目的で使われます。﻿
種類:部分用、全頭用（フルウィッグ）、医療用、オーダーメイドなどがあり、人毛と人工毛があります。﻿
別名:ウィッグ（wig）、ウイッグ、ウイグとも呼ばれ、基本的には同じものを指すことが多いです。﻿
植物の「カツラ（桂）」
特徴:ハート形の葉が特徴で、秋に黄葉した葉が甘い香りを放ちます。
用途:街路樹や庭木として植えられるほか、家具や将棋盤などの材料にもなります。﻿
語源と歴史
語源:元々は、つる草や花で作った髪飾り（髪飾り）を指し、万葉集にも歌われています（例：「玉に貫きかずらにせむと」）。﻿
歴史的変遷:その後、髪の毛を補う毛髪（鬘）を指すようになり、現代のウィッグにつながっています。﻿
その他の「かつら」
料理:野菜などを薄くむき身にする「かつらむき」という調理法もあります（例：かつらむき器）。

かつら（鬘）は、人の頭部にかぶせて、元々ある頭髪を補ったり別の髪型に見せたりするために使う、人毛もしくは人工的な髪のこと。古くは「かづら」と言い、鬘帯や鉢巻きなど、頭髪のように作って頭にかぶったり付けたりするものを指した[1][2]。現代でも能楽では「かずら」と呼ぶ。","[""import"",""japanese""]",2026-02-22 09:19:19.00148+00,e1848554-ffae-479c-a8cd-4c0d77b7bed2,2026-03-19 15:55:50.007522+00,0,0,0,2026-03-19 15:55:50.007522+00,0,null,null,null,false,null,null,null,null,true,369e89da-c3b8-424f-9bb6-772a47a3edb2,null,null,"{""tables"":{""1"":{""rows"":[],""columns"":[]}}}",null,[],null,null
6063a40f-077c-4f89-bc72-c25c16c23771,覚ます、覚める,"主な違いと使い分け
覚ます（他動詞）：目的語（目、意識、迷いなど）を能動的にさめさせる。
例：目覚まし時計が私を覚ます。
例：夢から（自分を）覚ます。
覚める（自動詞）：対象が自然にさめる、眠りから覚める。
例：朝の光で目が覚める。
例：酔いが覚める。 
共通する意味
眠っている状態、または夢・迷い・酔いから抜け出し、意識がはっきりしている「覚醒」状態を指します。 
言い換えの例
目が覚める：起床する、目が開く。
目を覚ます：目を醒ます、意識を取り戻す。 
基本的には、自分の意識や眠りが自然に終わる場合は「覚める」、能動的な働きかけがある場合は「覚ます」と使い分けます。
【医師監修】覚醒とはどういう状態を指す？睡眠のメカニズムや質を ...
2026. 1. 19. — 目を覚ます状態を意味する言葉には、ほかにも「起床する」「起きる」「目覚める」など複数ありますが、覚醒と意味に大きな違いは...

NELL マットレス
Usage of 目を覚ます and 目が覚める
2012. 1. 16. — As you said, one is transitive, the other is intransitive. 目...

Japanese Language Stack Exchange

さます - ウィクショナリー日本語版
動詞:覚ます・醒ます 眠っているものが覚醒する。 心の迷いを解く。

Wiktionary
모두 표시
「覚ます」と「覚める」は、主に睡眠や意識の状態を表す他動詞と自動詞の関係です。「目を覚ます」は意図的に起きる、あるいは起こす能動的な動作を指し、「目が覚める」は眠りから自然に意識が戻る自動的な状態を表します。","[""import"",""japanese""]",2026-02-22 09:19:19.00148+00,e1848554-ffae-479c-a8cd-4c0d77b7bed2,2026-03-19 15:55:50.007522+00,0,0,0,2026-03-19 15:55:50.007522+00,0,null,null,null,false,null,null,null,null,true,35270308-fb94-4e5b-ad87-7f536fa62a8e,null,null,"{""tables"":{""1"":{""rows"":[],""columns"":[]}}}",null,[],null,null
60ebe016-8025-4aca-bd69-96fc446bdc58,彼が普通に受け入れたのには少しイラっとした。,"Netflixホットスポット4話

彼が普通に受け入れたのには少しイラっとした。
그가아무렇지않게 받아들인게 약간 짜증이났다.","[""import"",""japanese""]",2026-02-22 09:19:19.00148+00,e1848554-ffae-479c-a8cd-4c0d77b7bed2,2026-03-19 15:55:50.007522+00,0,0,0,2026-03-19 15:55:50.007522+00,0,null,null,null,false,null,null,null,null,true,2808f0ec-54e3-43ff-a02c-e3ad5510ad62,null,null,"{""tables"":{""1"":{""rows"":[],""columns"":[]}}}",null,[],null,null
628cccf7-22d5-49d2-b9b0-86be4773ef74,目が合う（めがあう）,"Netflix　Talk Queens　07

目が合う（めがあう）とは、2人の視線と焦点が偶然または意識的に一致する「アイコンタクト」のことです。好意のサイン（特に頻繁な場合）、興味・好奇心、あるいはたまたま見渡した先といった理由が挙げられます。目が合った後の笑顔や照れ隠し（視線を逸らす）は親近感や脈ありの可能性を示唆します。 
目が合う時の心理と状況
好意・興味（脈あり）: よく目が合うのは、相手があなたの表情を伺っていたり、好意を持って見つめていたりする可能性が高いです。
好奇心: 「面白い」「気になる」という好奇心から視線を向けているケースです。
偶然・確認: 単に周囲を見渡していた、または安全確認の動作など。
用件がある: 職場で、仕事の確認や相談事がある場合。 
心理的・行動的サインの読み解き方
頻度が高い: 1日に何度も目が合うなら、相手があなたを強く意識しているサイン。
目が合った後の反応:
微笑む・照れる: 好意の証拠。心動いた瞬間。
すぐに逸らす: 照れ隠しや、あまりに強く見つめすぎて動揺したケース。逆に全く無関心な場合も。
凝視する: 興味が強い、あるいは何かを伝えたい。
距離感: 1.2m以内の近い距離（パーソナルスペース内）でよく合う場合は、親密になりたい心理の表れ。 
対処法
気になる相手であれば、笑顔で返したり、軽い会釈をしたりすることで、自然にコミュニケーションのきっかけを作ることができます。","[""import"",""japanese""]",2026-02-22 09:19:19.00148+00,e1848554-ffae-479c-a8cd-4c0d77b7bed2,2026-03-19 15:55:50.007522+00,0,0,0,2026-03-19 15:55:50.007522+00,0,null,null,null,false,null,null,null,null,true,018018a4-74dd-453a-be9b-feb1a8d5d62d,null,null,"{""tables"":{""1"":{""rows"":[],""columns"":[]}}}",null,[],null,null
69e07c4f-e27b-4efa-8cfa-a87c7c22f637,「具材（ぐざい）、식자재」,"「具材（ぐざい）、식자재」とは、鍋物や汁物、カレーなどの料理に入れる肉・魚・野菜などの材料を指し、食材（スーパーで買う前の状態）と材料（料理に使う具体的なもの）の中間の意味合いで使われ、具（ぐ）や「かやく」とも呼ばれます。定番は白菜や大根、鶏肉、豆腐などで、種類は豊富で、料理や地域によって異なります。 
具材の種類例
肉類: 鶏肉、豚肉（バラ、ロース）、牛肉（すじ）、つくねなど。
魚介類: 鮭、たら、エビ、カニ、ホタテ、牡蠣、ちくわ、はんぺんなど。
野菜類: 大根、白菜、長ネギ、玉ねぎ、人参、じゃがいも、もやし、春菊、水菜など。
その他: 豆腐、油揚げ、こんにゃく、しらたき、きのこ類（しいたけ、えのき、しめじなど）、餅巾着など。 
具材の選び方のポイント
栄養バランス: 低脂肪の肉や魚、食物繊維豊富な野菜、きのこ類を意識する。
満腹感: 豆腐、しらたき、食物繊維の多い野菜などを加える。
旨味と食感: 煮込むと甘みが出る玉ねぎ、味が染みやすい大根など、食材の特性を活かす。 
英語での表現
「ingredients（材料）」が一般的です。例: ""Please mix all the ingredients."" (すべての具材を混ぜてください)。

https://kotobank.jp/word/%E5%85%B7%E6%9D%90-483004

料理で、汁や鍋物に入れる肉・魚・野菜などのこと。たね。具。","[""import"",""japanese""]",2026-02-22 09:19:19.00148+00,e1848554-ffae-479c-a8cd-4c0d77b7bed2,2026-03-19 15:55:50.007522+00,0,0,0,2026-03-19 15:55:50.007522+00,0,null,null,null,false,null,null,null,null,true,088c1eac-3296-4d28-9aa1-63f967fcb446,null,null,"{""tables"":{""1"":{""rows"":[],""columns"":[]}}}",null,[],null,null
6cce41f7-0f99-4bd2-bdd7-45a517dbaf7d,「媚びる（こびる）」,"「媚びる（こびる）」とは、気に入られようとして相手の機嫌をとったり、相手の気を引くようななまめかしい態度（しな）をとったりする行動です 小学館。へつらう、おもねると同義で、目的達成のために実力以上に相手を立てたり、過度に同調したりする姿勢を指します 情報・知識＆オピニオン imidas、株式会社創寫舘。 
主な意味とニュアンス
へつらう・おもねる: 上司や目上の人に気に入られるよう機嫌をとる（例：媚びを売る）。
色目を使う・しなを作る: 異性の気を引こうと、なまめかしい仕草をする。
同調・追従: 自分の意思よりも相手の意見に合わせて気に入られようとする。 
「媚びる」人の特徴や背景
自信が希薄: 自己評価が低く、他者からの評価を最優先する。
メリット重視: 出世や好感度を狙った行動であることが多い。
リスク: 相手が実力主義者の場合、逆効果で評価が下がる可能性がある。 
類語・関連語
阿諛（あゆ）する、取り入る、おべっかを使う。 
以前は女性から男性への態度に使われる傾向がありましたが、現代では性別に関係なく使われています。

https://mazii.net/ko-KR/search/word/jako/%E5%AA%9A%E3%81%B3%E3%82%8B

◆ 알랑거리다; 아첨하다; 비위를 맞추다.

上司[上役]に媚びる同僚
상사에게 알랑거리는 동료

権力に媚びる
권력에 빌붙다

時流に媚びない
시류에 영합하지 않다

◆ 아양 떨다; 교태를 부리다.

媚びるような表情
아양을 떠는 듯한 표정

母親に媚びるようにしなだれかかる
엄마에게 아양을 떨며 몸을 기대다

しなを作って媚びる
(갖은) 교태와 아양을 부리다","[""import"",""japanese""]",2026-02-22 09:19:19.00148+00,e1848554-ffae-479c-a8cd-4c0d77b7bed2,2026-03-19 15:55:50.007522+00,0,0,0,2026-03-19 15:55:50.007522+00,0,null,null,null,false,null,null,null,null,true,775f572d-7d97-4977-be9e-2b9105c8aa5c,null,null,"{""tables"":{""1"":{""rows"":[],""columns"":[]}}}",null,[],null,null
6cdf93a9-b2ae-4c75-a854-5d02a2753ebc,「取り消し（とりけし）」,"「取り消し」とは、一度有効に成立した契約や法律行為を、後からその効果を「初めに遡って」無効にすることです。制限能力者や詐欺・強迫などの問題がある行為に適用され、取り消されると契約は当初からなかったものとみなされます。似た言葉の「撤回」は将来に向けて効力を消滅させる点で異なります。 
取り消しの主な詳細：
効果: 法律行為の効力を遡及的に失わせる（最初からなかったことになる）。
対象: 詐欺・強迫による意思表示、未成年者など制限能力者の行為。
期限: 追認できる時から5年、行為の時から20年で時効消滅する。
第三者対応: 原則として取り消しの効果は第三者に対抗できるが、詐欺による取消しは善意の第三者に対抗できない場合がある。
対比: 契約締結時からの問題に基づき過去に遡る「取消し」に対し、適法に成立した後に事情変更で将来の効力をなくすのは「撤回」。 
日常生活におけるキャンセル、あるいは手続きのやり直し全般を指す場合にも使用されます。","[""import"",""japanese""]",2026-02-22 09:19:19.00148+00,e1848554-ffae-479c-a8cd-4c0d77b7bed2,2026-03-19 15:55:50.007522+00,0,0,0,2026-03-19 15:55:50.007522+00,0,null,null,null,false,null,null,null,null,true,bb8f28ed-ce0b-4eac-bfcc-bcd87244b90e,null,null,"{""tables"":{""1"":{""rows"":[],""columns"":[]}}}",null,[],null,null
71a749f5-9c68-4f5c-8eeb-d59941b1fc50,「シコロ」,"「シコロ」には、兜の防御具（錣）、北海道の方言でキハダ（黄肌）、忍者が使う開器（かいき）の主に3つの意味があり、文脈によって指すものが異なります。兜の「しころ」は首元を守る板状の防具で、キハダの「シコロ」はアイヌ語由来で食用や薬用にもなる木の実、忍具の「シコロ」は木を斬るのこぎり状の道具を指します。 
1. 兜の防御具「錣（しころ）」 
意味: 兜の鉢（鉢金）の左右や後方に垂らして、首筋から襟元を防御する部分。
特徴: 鉄板や革などを「おどし（紐）」で編み連ねたもので、時代と共に形状が変化しました。
用途: 背後からの弓矢や、徒歩戦での近接攻撃から身を守るため。 
2. 北海道の方言「シコロ（キハダ）」
意味: 和名キハダ（黄肌）のことで、アイヌ語由来の呼び名。
特徴: 皮を剥ぐと黄色い内皮（オウバク）があり、漢方やはちみつ、食用にも利用されます。
用途: 薬、保存食、はちみつの原料など。 
3. 忍具「シコロ」
意味: 忍者が使う特殊な開器（かいき）の一種。
特徴: のこぎりのような形状で、木や竹を切断できたとされる。 
まとめ
「シコロ」という言葉を見かけたら、それが防具（兜）、植物（キハダ）、忍具のどれを指しているのか、前後の文脈で判断する必要があります。","[""import"",""japanese""]",2026-02-22 09:19:19.00148+00,e1848554-ffae-479c-a8cd-4c0d77b7bed2,2026-03-19 15:55:50.007522+00,0,0,0,2026-03-19 15:55:50.007522+00,0,null,null,null,false,null,null,null,null,true,ef2fa649-f330-4c25-8c34-9728528f7154,null,null,"{""tables"":{""1"":{""rows"":[],""columns"":[]}}}",null,[],null,null
74ba383a-3226-433b-99a8-573f8ea9d012,人見知り（Shyness）,"https://youtu.be/Of5pAeBB9VY?si=8SLtX3YIRLHbMkhK

人見知り（Shyness）とは、初対面や不慣れな相手に対して、不安、緊張、恥ずかしさを感じ、コミュニケーションが消極的になる性格傾向です。元来は乳幼児期に見知らぬ人への恐怖感を表す言葉ですが、大人でも内気や人目が気になる性格を指して使われ、場慣れや会話の積み重ねで軽減可能です。 
人見知りの主な特徴・原因
特徴: 初対面で話しにくい、受け身である、リアクションが薄い、警戒心が強い、よく思われようとして緊張する。
原因: 「周りの目が気になる」といった公的自己意識の高さ、自己評価の低さ、場慣れしていないことなどが挙げられます。
強み: 慎重で相手を気遣う力が強い、慣れると深い人間関係を築ける、観察力が高い。 
人見知りの改善・克服方法
自分から挨拶・笑顔を心がける: 小さなコミュニケーションを積み重ねる。
場数を踏む: 新しい環境や人との交流に少しずつ慣れる。
相手に興味を持つ: 「自分がどう見られているか」から「相手がどんな人か」に意識を向ける。
リラックスする: 完璧に話そうとせず、緊張している自分を受け入れる。
聞き手に回る: 会話において、自分から話さなくても質問をして相手に話をしてもらう。 
人見知りは、周囲への配慮や深い信頼関係を築ける前向きな特性でもあります。緊張や不安が強い場合も、行動を工夫することで人間関係のストレスを軽減することが可能です。

https://mazii.net/ko-KR/search/word/jako/%E4%BA%BA%E8%A6%8B%E7%9F%A5%E3%82%8A

◆ 낯가림.

人見知りをする子
낯가림을 하는 아이

人見知りしない性格
낯을 가리지 않는 성격

人見知りが激しい
낯가림이 심하다

https://www.kpedia.jp/w/8084

「人見知り」の韓国語「낯가림」を使った例文

・그는 낯가림이 심해 사람을 쉽게 사귀지 못해요.
彼は人見知りがひどくて人とたやすく付き合うことができません。

・제가 낯가림이 좀 심해요. 이해해 주세요．
人見知りが激しいので理解してください。","[""import"",""japanese""]",2026-02-22 09:19:19.00148+00,e1848554-ffae-479c-a8cd-4c0d77b7bed2,2026-03-19 15:55:50.007522+00,0,0,0,2026-03-19 15:55:50.007522+00,0,null,null,null,false,null,null,null,null,true,ce0149b0-eb8d-4f99-8513-530366cae1e5,null,null,"{""tables"":{""1"":{""rows"":[],""columns"":[]}}}",null,[],null,null
764ad2e8-11d1-40f6-ba3e-07931ee4eb31,「すっかり」,"https://youtu.be/V_HI5p1-RMk?si=DoOjHCkhTjEBaTGZ

「すっかり」は、残りが全くない状態（例：貯金をすっかり使い切る）と、完全に何かの状態になっていること（例：すっかり元気がない、すっかり春らしい）を表す副詞です。多くの場合、「ぜんぜん」「まったく」「完全に」と同じような意味で使われ、何かを「全部」や「完全に」してしまった、あるいはそうなった状況を強調します。 
主な意味と使い方
残りが全くない様子（全部、ことごとく）
例：「貯金をすっかり使ってしまった。」（残らず全部使った）
例：「仕事がすっかり片付いた。」（仕事が全部終わった）
例：「宿題をすっかり忘れていた。」（完全に忘れて、記憶に残っていない）
完全に何かの状態になっている様子（まったく、完全に）
例：「体がすっかり良くなった。」（完全に回復した）
例：「今日はすっかり秋だね。」（完全に秋の気候になった）
例：「彼はすっかり変わってしまった。」（完全に別人のようになった） 
類語・関連語
全く（まったく）：意味が非常に近いですね。
ぜんぜん（全然）：否定的な文脈で「全く〜ない」の意味で使われますが、「すっかり」は肯定・否定どちらの文脈でも使えます。
しっかり：混同しやすいですが、「すっかり」が「全部」「完全に」なのに対し、「しっかり」は「丈夫に」「安定して」という意味で、「しっかり準備する」のように使います。
すっきり：これも似ていますが、「さっぱりして気持ちが良い」状態を表し、「部屋を掃除してすっきりした」のように使います。

https://www.kpedia.jp/w/32644

「すっかり」の韓国語「말끔히」を使った例文

・거울을 말끔히 닦았다.
鏡をきれいに拭いた。

・일을 말끔히 끝냈다.
仕事をすっかり終えた。

・그 약을 먹으니까 금세 말끔히 낫어요.
その薬を飲んだらすぐにすっかり良くなりました。

・말끔히 피로가 가신다.
すっかり疲れがとれる

・정리 정돈된 책장은 말끔히 치워져 있다.
整理整頓された書棚は綺麗に片付けてある。

・책상 위는 말끔히 치워져 있다.
机の上はこざっぱり片付いている。

・때수건으로 피부 때를 말끔히 제거할 수 있어요.
あかすりタオルで、肌の垢がすっきり取れます。

・마사지로 피로가 말끔히 풀립니다.
マッサージで、疲れがスッキリと取れます。

・경락 마사지로 피로가 말끔히 풀렸습니다.
経絡マッサージで、疲労がスッキリと取れました。

・탈취제를 사용하면 주방 냄새가 말끔히 사라집니다.
脱臭剤を使うと、キッチンの匂いがすっきりと消えます。

・그릇에 묻은 찌꺼기를 말끔히 씻어내다.
器についたかすをきれいに洗い出す。

・상의 안감이 말끔히 꿰매어져 있다.
上着の裏地がきれいに縫われている。

・서재를 말끔히 정리해 놓아라.
書斎をきれ いに整理しておいて。

・말끔히 피로가 가셨다.
すっかり疲れが取れた。

・일을 말끔히 끝냈다.
仕事をすっかり終えた。

・바닥을 말끔히 닦아라.
床をきれいに拭きなさい。

https://mazii.net/ko-KR/search/word/jaen/%E3%81%99%E3%81%A3%E3%81%8B%E3%82%8A

◆ All, completely, thoroughly

彼はすっかり興奮している。
He's all excited.

すっかりお膳立てができている。
It's all laid on.

ようやくすっかり終わった。
It is finally all over.

◆ All; completely; totally; entirely; thoroughly","[""import"",""japanese""]",2026-02-22 09:19:19.00148+00,e1848554-ffae-479c-a8cd-4c0d77b7bed2,2026-03-19 15:55:50.007522+00,0,0,0,2026-03-19 15:55:50.007522+00,0,null,null,null,false,null,null,null,null,true,1cc46b7e-65b8-4ed4-b631-0c5b568fb78b,null,null,"{""tables"":{""1"":{""rows"":[],""columns"":[]}}}",null,[],null,null
7a1e7f3b-3d8f-44f8-94df-4e19519f9280,有休消化（ゆうきゅうしょうか）,"https://youtu.be/X_2YUYblyfk?si=urJKLiTZE5edEVy4

有休消化（ゆうきゅうしょうか）とは、労働者に付与された年次有給休暇を実際に取得・消費することで、2019年4月からの法改正で「年10日以上の有給が付与される労働者」に対し、年間5日の有給取得が義務化されました。会社はこれを強制でき、違反すると罰金が科される場合があり、従業員はリフレッシュや生産性向上のために、退職時には残りの有休を消化することが一般的です。 
有休消化のポイント
義務化の内容: 年10日以上の有給が付与される労働者（管理職含む）は、付与日から1年以内に最低5日取得する必要がある（バクラク, GMOサイン, ミイダス corp.）。
対象者: 雇用形態に関わらず、有給付与日数が10日以上の全労働者が対象（マネーフォワード クラウド）。
期限: 有給が付与された日（基準日）から1年以内（バクラク, ジンジャー）。
罰則: 違反した企業には、労働者1人につき30万円以下の罰金が科される可能性がある（バクラク, GMOサイン）。
目的: 従業員の疲労回復、リフレッシュ、労働意欲の向上、生産性向上（マネーフォワード クラウド, ジンジャー）。 
退職時の有休消化
権利: 退職が決まっていても、残った有給は法的に取得可能（マネーフォワード クラウド, MS-Japan）。
円満退職のために: 会社との調整や引き継ぎを考慮し、できるだけ早めに退職意思と有休消化の計画を伝えることが望ましい（マネーフォワード クラウド, MS-Japan）。
拒否された場合: 会社が一方的に拒否することはできないが、業務への支障がある場合は時季変更権を行使できる（マネーフォワード クラウド, Freee）。
買い取り: 法律で義務付けられておらず、会社の就業規則に明記されていなければ買い取りは拒否される場合がある（マネーフォワード クラウド, Freee）。
会社側の対応
義務化への対応: 計画的付与制度の導入や、半日・時間単位での取得を認めるなどの施策が有効","[""import"",""japanese""]",2026-02-22 09:19:19.00148+00,e1848554-ffae-479c-a8cd-4c0d77b7bed2,2026-03-19 15:55:50.007522+00,0,0,0,2026-03-19 15:55:50.007522+00,0,null,null,null,false,null,null,null,null,true,519429bd-d4f5-4bf3-8c62-8edf23dec28a,null,null,"{""tables"":{""1"":{""rows"":[],""columns"":[]}}}",null,[],null,null
7a323655-17d1-49c7-8cab-72e50bf33cad,「視線（しせん）」と「目線（めせん）」の違い,"「視線（しせん）」は目の向きや方向そのものを指し、「目線（めせん）」はある立場や視点からの見方・考え方を指し、「視線」より「点（視点）」に焦点があり、映画・演劇用語から広まった言葉で、「カメラ目線」「消費者目線」のように使われ、両者は意味が似ていますが「目線」はより視点・立場を強調します。 
視線（しせん）
意味: 目の向いている方向、見ている対象へ向かう線のこと。
用例: 「視線が合う」「視線をそらす」「世間の視線が気になる」など、物理的な目の動きや他人の視線を指すことが多い。 
目線（めせん）
意味: もともと映画・演劇業界で、俳優がカメラや特定の対象へ向ける目の位置（視点）を指す専門用語。
用法: 一般社会で「視点」「立場」の意味で広く使われるようになった。
用例: 「カメラ目線」「上から目線」「消費者目線」「子供目線」など、ある立場になって物事を考える視点を表す。 
違いのまとめ
視線: 目の動き、方向（線）。
目線: ある立場からの視点・座標（点）。 
「視線」は客観的な目の動き、「目線」は主観的な視点や立場に重点があり、「目線」は比較的新しく、俗語として一般化した言葉と言えます。","[""import"",""japanese""]",2026-02-22 09:19:19.00148+00,e1848554-ffae-479c-a8cd-4c0d77b7bed2,2026-03-19 15:55:50.007522+00,0,0,0,2026-03-19 15:55:50.007522+00,0,null,null,null,false,null,null,null,null,true,8e015689-f967-45c7-8985-9a47d980fd31,null,null,"{""tables"":{""1"":{""rows"":[],""columns"":[]}}}",null,[],null,null
7aedc6cb-663a-4453-8b64-9b966b1f717b,刺激（しげき）,"https://mazii.net/ko-KR/search/word/jako/%E5%88%BA%E6%BF%80

◆ 자극.

刺激剤
자극제

低刺激の化粧水 
저자극[순한] 화장수

刺激の強い食べ物[映画]
자극적인 음식[영화]

https://www.kpedia.jp/s/3/%EC%9E%90%EA%B7%B9%ED%95%98%EB%8B%A4

＜자극하다の韓国語例文＞
・	돌솥비빔밥의 지글지글 소리가 입맛을 자극한다.
石焼ビビンバのジュージューという音が食欲を刺激する。
・	그는 작은 자극에도 깜짝깜짝 반응한다.
彼は小さな刺激にもびくびく反応する。
・	사람들은 불안감을 자극하는 말에 쉽게 유인된다.
人は不安をあおる言葉に簡単に誘導される。
・	보물선 이야기는 많은 사람들의 상상력을 자극한다.
宝船の話は多くの人の想像力をかき立てる。
・	감정을 자극해 행동을 충동했다.
感情を刺激して行動をけしかけた。
・	자극적인 음식이 목을 후끈거리게﻿ 했다.
刺激的な食べ物が喉をヒリヒリさせた。
・	시각적 자극이 너무 강하면 쉽게 피로를 느낀다.
視覚的な刺激が強すぎると、すぐに疲れを感じる。
・	아침 햇살이 시각을 자극했다.
朝の日差しが視覚を刺激した。
・	라면 스프 냄새가 식욕을 자극해요.
ラーメンスープの香りが食欲をそそります。
・	그 기사 제목은 어그로를 끌기 위한 자극적인 문구다.
その記事のタイトルは注目を集めるための刺激的な文句だ。
・	어그로꾼들은 주로 자극적인 말을 한다.
挑発者はたいてい刺激的な言葉を使う。
・	친구들과의 경쟁심이 나를 자극했다.
友人との競争心が自分を刺激した。
・	문학적 표현은 독자의 상상력을 자극한다.
文学的表現は読者の想像力を刺激する。
・	그 아트전은 독창적인 작품이 많아 찾는 사람들에게 자극을 주었다.
そのアート展は独創的な作品が多く、訪れる人々に刺激を与えた。
・	그 소설의 줄거리는 독창적이었고 상상력을 자극했다.
その小説のプロットは独創的で、想像力を刺激した。
・	외부 자극이 가해졌습니다.
外部から刺激が加えられました。
・	정치인의 발언이 국민의 적개심을 자극했다.
政治家の発言が国民の敵愾心を刺激した。
・	그의 의기양양한 태도에 모두가 자극을 받았다.
彼の意気揚々とした態度に、みんなが刺激を受けた。
・	오감을 자극하는 미술 전시에 다녀왔다.
五感を刺激するアート展に行ってきた。
・	식당가를 걷다 보면 향기가 식욕을 자극해요.
食堂街を歩いていると、香りが食欲をそそります。
・	살무사는 공격적이지 않지만, 자극하면 물릴 수 있다.
マムシは攻撃的ではないが、刺激すると噛まれることがある。
・	고형 카레는 향신료의 향이 풍부해 식욕을 자극합니다.
カレールーは、スパイスの香りが豊かで食欲をそそります。
・	김치전을 먹으면 매콤한 맛이 식욕을 자극합니다.
キムチチヂミを食べると、ピリ辛な味が食欲をそそります。
・	곱창구이는 구울 때 나는 소리와 향이 식욕을 자극합니다.
ホルモン焼きは、焼いているときの音や香りが食欲をそそります。
・	명문대학 교수와의 교류가 그를 자극했습니다.
名門大学の教授との交流が彼を刺激しました。
・	숯불의 향기가 식욕을 자극한다.
炭火焼きの香りが食欲をそそる。
・	깍두기의 매운 맛이 식욕을 자극한다.
カクテキのピリ辛さが食欲をそそる。
・	주간지 독자들은 매주 새로운 호에서 자극적인 기사를 기대하고 있습니다.
週刊誌の読者は、毎週の新しい号で刺激的な記事を楽しみにしています。
・	돼지갈비를 구우면 고소한 냄새가 퍼져 식욕을 자극합니다.
豚カルビを焼くと、香ばしい匂いが広がって食欲を刺激します。
・	국장님이 보여주는 비전이 직원들에게 자극을 줍니다.
局長が示すビジョンが、職員に刺激を与えます。
・	광인 같은 꿈을 가진 그에게 자극을 받았어요.
気違いのような夢を持つ彼に刺激を受けました。
・	촌뜨기인 자신에게 도시는 자극적입니다.
田舎者の自分にとって、都会は刺激的です。
・	경혈을 자극하면 피로가 풀리는 느낌이 듭니다.
ツボを刺激すると、疲れが取れる感じがします。
・	발바닥 경혈을 자극하면 온몸이 가벼워집니다.
足裏のツボを刺激すると、全身が軽くなります。
・	발 경혈을 자극하는 마사지를 받았어요.
足のツボを刺激するマッサージを受けました。
・	역동적인 환경이 창의성을 자극합니다.
力動的な環境が創造性を刺激します。
・	피부는 외부로부터의 자극이나 세균 등의 감염으로부터 몸을 지켜주는 기관입니다.
皮膚は、外からの刺激や細菌などの感染から体を守ってくれる器官です。
・	뾰루지가 생기면 무리하게 자극하지 않는 것이 중요합니다.
おできができたら、無理に刺激しないことが大切です。
・	동심을 자극하는 이벤트가 개최됩니다.
童心をくすぐるイベントが開催されます。
・	자극이 적은 녹색은 보는 이에게 안정감을 준다.
刺激の少ない緑色は、見る人に安心感を与える。
・	입상하는 선수들을 보고 저도 자극을 받았어요.
入賞する選手たちを見て、自分も刺激を受けました。
・	지적 수준이 높은 사람과의 대화는 자극적입니다.
知的水準が高い人との会話は刺激的です。
・	다재다능한 친구에게서 자극을 받았어요.
多芸多才な友人から刺激を受けました。
・	화백의 예술이 저의 창의력을 자극합니다.
画伯のアートが、私の創造力を刺激します。
・	고추를 사용해서 요리에 자극을 주었습니다.
唐辛子を使って、料理に刺激を加えました。
・	청양고추를 사용한 소스는 매우 자극적입니다.
激辛唐辛子を使ったソースは、非常に刺激的です。
・	점막에 부담을 주지 않도록 자극적인 음식 섭취를 삼가도록 합시다.
粘膜に負担をかけないように、刺激物の摂取を控えましょう。
・	민감한 맨살에는 자극이 적은 스킨 케어를 사용하고 있습니다.
敏感な素肌には、刺激の少ないスキンケアを使用しています。
・	몸은 세균이나 바이러스 등 이물질에 의해 자극을 받았을 때 방어적 반응으로서 염증을 일으킨다.
体は、細菌やウィルスなどの異物によって刺激を受けた際、防御的反応として炎症を引き起こす。
・	때수건은 사용하면 기분 좋은 자극을 줍니다.
あかすりタオルは、使うと心地よい刺激を与えてくれます。","[""import"",""japanese""]",2026-02-22 09:19:19.00148+00,e1848554-ffae-479c-a8cd-4c0d77b7bed2,2026-03-19 15:55:50.007522+00,0,0,0,2026-03-19 15:55:50.007522+00,0,null,null,null,false,null,null,null,null,true,6558512e-d3bf-4f28-b159-96d6c93f72f3,null,null,"{""tables"":{""1"":{""rows"":[],""columns"":[]}}}",null,[],null,null
7c360bee-ae84-4c25-827c-dcd15537b351,"'存分'(ぞんぶん, zonbun)","https://youtu.be/9B1izCJwtmM?si=2G6gnglAc7Pgmzgy

'存分'(ぞんぶん, zonbun)은 일본어 부사로, '마음껏', '충분히', '원하는 만큼' 이라는 뜻이며, 어떤 행동을 후회 없이 마음이 만족할 때까지 충분히 하는 것을 나타냅니다. 명사 '存分'으로 쓰이기도 하며, '思う存分'(오모우존분)처럼 다른 동사와 함께 쓰여 '마음껏 ~하다'라는 의미를 강조합니다. 
주요 의미:
마음껏, 실컷
충분히, 남김없이
원하는 만큼 
예시:
存分に楽しむ (zonbun ni tanoshimu): 마음껏 즐기다, 실컷 즐기다.
思う存分食べる (omou zonbun taberu): 배가 부를 때까지 먹다, 마음껏 먹다. 
한국어 사용 예시:
""오늘 저녁은 잔뜩 먹고 싶어."" (여기서 '잔뜩'이 '存分'의 뉘앙스와 유사)
""여행 가서 실컷 구경 하고 싶어."" (마음껏, 충분히의 의미)

https://mazii.net/ko-KR/search/word/jako/%E5%AD%98%E5%88%86

◆ 뜻대로; 생각대로; 마음껏; 흡족하게.

思う存分歌う
마음껏 노래하다

思う存分食べる
실컷 먹다

思う存分腕を振るう
마음껏 기량을 발휘하다[펼치다]","[""import"",""japanese""]",2026-02-22 09:19:19.00148+00,e1848554-ffae-479c-a8cd-4c0d77b7bed2,2026-03-19 15:55:50.007522+00,0,0,0,2026-03-19 15:55:50.007522+00,0,null,null,null,false,null,null,null,null,true,dc647940-16bd-405f-baee-670c3c655115,null,null,"{""tables"":{""1"":{""rows"":[],""columns"":[]}}}",null,[],null,null
7cce6c0a-b84c-4e20-b4c5-935b525a10fa,React든 바닐라든 무조건 쓰는 실무 필수 메서드들.,"React든 바닐라든 무조건 쓰는 실무 필수 메서드들.

✅ JS 객체

Object.entries(obj)

Object.keys(obj)

Object.values(obj)

✅ 문자열

startsWith

includes

slice

trim

toLowerCase

✅ 배열

map

filter

find

some / every

sort","[""import"",""coding""]",2026-02-22 09:19:19.00148+00,e1848554-ffae-479c-a8cd-4c0d77b7bed2,2026-03-19 15:55:50.007522+00,0,0,0,2026-03-19 15:55:50.007522+00,0,null,null,null,false,null,null,null,null,true,238dd5c9-d84e-4a6f-9121-60009e76c16b,null,null,"{""tables"":{""1"":{""rows"":[],""columns"":[]}}}",null,[],null,null
8255432b-11f9-43ab-842c-aa66a001cb2c,「手薄（てうす）になった」,"https://youtu.be/_kp2NeaJsCc?si=YkLKXjQA7w5QCnZA

つまり国境の警備は手薄になっている。
결국엔 국경의 경비가 허술해졌다.

「手薄（てうす）になった」とは、人手、金銭、物資などの用意・準備が不十分になり、必要な量が不足している状態を意味する表現。人手が少なくなった場合や、警備や防衛が脆弱になった状況でよく使われる。 
「手薄になった」の主な意味と使用例
人手不足・人員不足: 「忙しくて人手が手薄になった」
警備・防衛の脆弱化: 「防衛が手薄になる」
資金・準備の不足: 「資金が手薄になる」 
類語・言い換え
人手が不足する
手薄になる
働き手が少なくなる
心もとない 
対義語としては、「手厚い（てあつい）」や「余裕がある」が挙げられます。

https://mazii.net/ko-KR/search/word/jako/%E6%89%8B%E8%96%84

◆ 일손이 적음; 허술함; 불충분함.

手薄に乗じて
허술함을 틈타서

警備が手薄だ
경비가 허술하다

控えの選手が手薄だ
예비 선수가 부족하다

◆ (수중에 금품 따위가) 적음.

所持金が手薄だ
소지금이 부족하다

在庫が手薄になる
재고가 바닥을 드러내다","[""import"",""japanese""]",2026-02-22 09:19:19.00148+00,e1848554-ffae-479c-a8cd-4c0d77b7bed2,2026-03-19 15:55:50.007522+00,0,0,0,2026-03-19 15:55:50.007522+00,0,null,null,null,false,null,null,null,null,true,728df3dd-19d6-4d3b-91b0-80b34c1ede29,null,null,"{""tables"":{""1"":{""rows"":[],""columns"":[]}}}",null,[],null,null
8273e954-03fa-4717-a3d0-f4887e4a19d2,仕組み（しくみ）,"仕組み（しくみ）とは、ある目的を達成するために組み立てられた構造、方法、または全体のプロセス（メカニズム）を指します。機械の動作原理から、ビジネスにおける業務手順、組織のルールまで広く使われます。仕組みを理解することで、物事の予測が可能となり、効率的かつ安定した結果を生み出せます。 
仕組みの具体的な内容
機械・装置の構造: 部品が連携し、動作する原理（例：時計のギア、エンジンの仕組み）。
ビジネス・組織の枠組み: 目標達成のために人やツール、ルールを配置する仕組み（例：人事制度、経理の仕組み）。
プロセスの流れ: 手順やルールに基づいた客観的な手法。 
仕組み化（しぐみか）の重要性
業務の属人化を防ぎ、いつ、誰が、どこで行っても同じ成果を出せる（再現性のある）状態にすること。 
メリット: 生産性向上、ムダの削減、ミスの防止、組織全体の品質安定。
具体策: マニュアル作成、チェックリストの活用、ツールの導入、業務フローの標準化。 
仕組みと類似語
システム: 相互に関連する要素の集合体。
メカニズム: 動作原理や機械的な構造。
構造・枠組み: 物事を構成する要素の組み合わせ。 
仕組みは、組織やシステムを安定して回し続けるための「標準化された手順やルール」であると言えます。","[""import"",""japanese""]",2026-02-22 09:19:19.00148+00,e1848554-ffae-479c-a8cd-4c0d77b7bed2,2026-03-19 15:55:50.007522+00,0,0,0,2026-03-19 15:55:50.007522+00,0,null,null,null,false,null,null,null,null,true,8b649396-5942-43ec-a4c1-573686561c70,null,null,"{""tables"":{""1"":{""rows"":[],""columns"":[]}}}",null,[],null,null
83fa3916-b928-4d12-ad19-a5d033d0e066,「紐づける（ひもづける）」,"「紐づける（ひもづける）」とは、2つ以上の情報、データ、または物事の間に、関連性や繋がりを持たせることを指す言葉です。特にITやビジネスの現場で、顧客データと購入履歴、IDとパスワードのように、要素同士を結びつけて管理・整理する文脈で頻繁に使用されます。 
意味: 関連付ける、結びつける、リンクさせる
文脈: 顧客データと購入履歴を紐づける、IDをSNSアカウントに紐づける、など
類語: 関連付ける、リンクする、接続する、連動させる
目的: 情報の整理、検索性の向上、複雑な情報の関連性明確化
英語表現: Link, Associate 
この言葉は、情報の関連性を明確にして理解しやすくしたり、処理の効率を向上させたりする際に有用な概念です。","[""import"",""japanese""]",2026-02-22 09:19:19.00148+00,e1848554-ffae-479c-a8cd-4c0d77b7bed2,2026-03-19 15:55:50.007522+00,0,0,0,2026-03-19 15:55:50.007522+00,0,null,null,null,false,null,null,null,null,true,8627f53b-8e3a-418d-b453-c405d2a5707c,null,null,"{""tables"":{""1"":{""rows"":[],""columns"":[]}}}",null,[],null,null
85e9c5a1-13b9-4f1b-ada9-83d1e219673a,「戒め（いましめ）」N1,"https://youtu.be/45-Pa81ELyY?si=rXSQvt-Vqdqewwzp

「戒め（いましめ）」とは、過ちを繰り返さないように前もって注意することや、そのための忠告・訓戒、または同様の過ちを犯さないための懲らしめや教訓を指し、仏教用語の「戒律」に由来し、注意や警戒、禁制の意味合いを持ちます。具体的には、「今後の戒めとする（教訓にする）」や「戒めを解く（縛りから解放される）」のように使われ、単なる注意から、懲罰的な意味合い、あるいは禁じられた行為そのものを指す場合もあります。 
主な意味と使い方
注意・訓戒（訓戒）: 「今後の戒めとする」「自戒（自分自身への戒め）」のように、失敗から学び、将来のために気をつけること。
懲らしめ・制裁: 悪い行いをしないように罰すること。「廊下に立たされる」などが例。
禁制・規則: 仏教用語の「戒律（かいりつ）」のように、守るべき禁じられた事柄やその縛り。
警戒・用心: 危険を避けるための用心深さや見張り。 
類語・関連語
教訓、反面教師、他山の石（教訓として）
注意、忠告、警告、説教（注意を与える側）
自戒、克己、慎み（自分自身に対して）
禁制、禁止、罰、懲罰（規則や罰則として） 
例文
「この経験を戒めに、二度と同じ過ちは繰り返さないようにしよう。」（教訓）
「厳しい戒めが解けて、ようやく自由になった。」（罰・縛り）
「彼に戒めを与える」（注意や懲罰を与える）。 
「戒め」は、失敗から学び、未来の行動を律するというポジティブな側面と、罰や制裁というネガティブな側面の両方を持つ言葉です。

https://mazii.net/ko-KR/search/word/jako/%E6%88%92%E3%82%81

◆ 훈계; 교훈.

再三の戒めにもかかわらず
재삼 훈계했는데도 불구하고

親の戒 めをよく守る
부모의 교훈을 잘 지키다

皆の良い戒めになる
모든 사람에게 좋은 교훈이 된다

◆ 응징; 징계.

戒めとして罰を与える
징계로 벌을 주다

◆ 포박; 잡아서 묶는 것; 또, 그 줄.
◆ 금제(禁制); 제지(制止).
◆ 경계; 방비.

https://blog.naver.com/hackersjapan/222123251357

戒 いましめを厳重 げんじゅうにする
경계를 엄중히 하다; 방비를 튼튼히 하다

제지하다,금하다
子供のいたずらを戒めた。

훈게하다,경고하다
上司が部下に堅く戒めた。

구속하다,포박하다
泥棒を荒縄で厳しく戒めた。

경계하다
セキュリティ入口を厳重に戒めた。","[""import"",""japanese""]",2026-02-22 09:19:19.00148+00,e1848554-ffae-479c-a8cd-4c0d77b7bed2,2026-03-19 15:55:50.007522+00,0,0,0,2026-03-19 15:55:50.007522+00,0,null,null,null,false,null,null,null,null,true,549b4529-5f83-49d1-a8dd-7e29740994bb,null,null,"{""tables"":{""1"":{""rows"":[],""columns"":[]}}}",null,[],null,null
885c0ee6-1bff-4401-a338-2b29cc750e20,「誘われる（さそわれる）」,"https://youtu.be/n3KEuVXaMmw?si=Gf3NjFcTh246T8_h

「誘われる（さそわれる）」は、誰かから行動（食事、遊び、イベントなど）に誘いかけられること、または何かに引き寄せられることを指す言葉です。受動的な意味のほか、誘惑されるといった文脈でも使われます。また、韓国語では「招待を受ける（초대받다）」という意味でも翻訳されます。 
意味とニュアンス
行動のはたらきかけ: 誰かからお誘いを受ける、声をかけられること。
心理的な引き寄せ: 心が惹かれる、魅了されること。
誘惑・影響: 誘惑によって正常な判断ができなくなること。 
関連・類語表現
誘いに乗る・応じる: 誘われて行くこと。
引き寄せられる・吸い寄せられる: 自然と心が向かうこと。
ナンパされる・声をかけられる: 異性などから声をかけられること。 
文脈による解釈
ポジティブ: デートやお食事への誘い。
ネガティブ: 良くないことに誘われる、騙される（誘惑される）。
自発的なニュアンス: 「自然と〜へ誘われる」のように、抗えない魅力に引き込まれる様子。","[""import"",""japanese""]",2026-02-22 09:19:19.00148+00,e1848554-ffae-479c-a8cd-4c0d77b7bed2,2026-03-19 15:55:50.007522+00,0,0,0,2026-03-19 15:55:50.007522+00,0,null,null,null,false,null,null,null,null,true,b08c93d8-49f8-4b9e-90f3-83bb2dca72b6,null,null,"{""tables"":{""1"":{""rows"":[],""columns"":[]}}}",null,[],null,null
8b0fb467-35a1-4a13-a1b3-15cdce014091,「繊細（せんさい）」,"「繊細（せんさい）」とは、物の形が細く小さいことや、優美でかよわい様子、あるいは感情や感覚が非常に細やかで敏感なことを指す言葉です。人に対しては、刺激に反応しやすく、共感力が高く、些細な変化に気づく、いわゆる「HSP（繊細さん）」のような気質を表現する際によく用いられます。 
繊細の主な意味と特徴
物理的な細やかさ: 物の形がほそぼそとしていて、優美であるさま（例：繊細なレース、繊細な作業）。
感覚・感情の敏感さ: デリケートで、微妙な心の動きや外部刺激に敏感なさま（例：繊細な心、繊細な味）。
人間性（HSP）: 5人に1人はいるとされる、生まれつき感覚処理が深い「HSP」の特性。深く考え、共感力が高く、五感に過敏で疲れやすい特徴がある。 
「繊細」と言われる人の心理・特徴（HSPの4つの要素）
Depth：物事を深く処理する（深く考える）
Overstimulation：刺激に過剰に反応し、圧倒されやすい（疲れやすい）
Empathy：感情反応が強く、共感力・感受性が高い
Subtlety：些細な刺激や変化に気づく 
繊細な気質との付き合い方
「繊細」さは病気や障害ではなく、生まれつきの体質（脳の感受性）です。疲れやすいなどの生きづらさを感じる場合は、一人で抱え込まず、刺激を減らすなどの対処法を見つけることが大切とされています。 
関連キーワード
HSP (Highly Sensitive Person)
繊細さん
デリケート
感受性
敏感

https://mazii.net/ko-KR/search/word/jako/%E7%B9%8A%E7%B4%B0

◆ 섬세(함).
◆ 곱고 우미(優美)한 모양.

繊細な指
섬세한 손가락

繊細な模様
섬세한 무늬

◆ (감정이나 감각 등이) 세세하고 세밀한 모양.

繊細な感情
섬세한 감정

繊細な性格
섬세한 성격

繊細な神経の持ち主
섬세한 신경의 소유자","[""import"",""japanese""]",2026-02-22 09:19:19.00148+00,e1848554-ffae-479c-a8cd-4c0d77b7bed2,2026-03-19 15:55:50.007522+00,0,0,0,2026-03-19 15:55:50.007522+00,0,null,null,null,false,null,null,null,null,true,44ed0778-4890-44af-9a5d-b721c522bdfd,null,null,"{""tables"":{""1"":{""rows"":[],""columns"":[]}}}",null,[],null,null
8cb66b11-4457-4a18-8d45-5547f4f60b22,発酵（はっこう）,"https://youtu.be/dmKuEIvfpek?si=HYIzQOrltJOXv-Zc

発酵（はっこう）は、微生物（乳酸菌、麹菌、酵母など）の酵素が有機物を分解・代謝し、人間にとって有益な物質を作り出す現象です。風味向上、保存性向上、栄養価アップ（ビタミン、アミノ酸の増加など）のメリットがある。ヨーグルト（乳酸発酵）、パン・ワイン（アルコール発酵）、味噌・醤油（麹菌）などが代表的である。 
1. 発酵の仕組みと特徴
微生物の働き: 乳酸菌、カビ（麹菌）、酵母菌などが原料の栄養を分解し、エネルギーを獲得する過程で物質が変化する。
腐敗との違い: 微生物による有機物の変質という点では同じだが、人間に有益なのが「発酵」、害をもたらすのが「腐敗」である。
酸素の有無: 嫌気（酸素がない）状態で進むことが多いが、カビの有機酸発酵など酸素が必要な場合もある。 
2. 主な発酵の種類
アルコール発酵: 酵母が糖をアルコールと炭酸ガスに分解。ビール、ワイン、パンなど。
乳酸発酵: 乳酸菌が糖を乳酸に分解。ヨーグルト、キムチ、チーズ、漬物など。
酢酸発酵: 酢酸菌がアルコールを酢酸に分解。お酢。
アミノ酸発酵: 微生物がアミノ酸を生成。調味料など。 
3. 日本における発酵文化
国菌「麹菌」: 味噌、醤油、酒、酢、みりんなど、日本の調味料は麹（こうじ）カビを活用したものが非常に多い。
多様性: 高温多湿な気候により、納豆、鰹節、漬物などバラエティに富んだ発酵食品が発展した。 
4. 発酵のメリット
保存性の向上: 微生物が生成する酸やアルコールが腐敗菌の繁殖を抑える。
栄養価の向上: ビタミンB群やアミノ酸が増加し、食材が消化しやすくなる。
旨味の向上: タンパク質がアミノ酸に分解されることで深い味わいが出る。 
5. 近年の展開
食品以外にも、美容、健康、医療、バイオ燃料、産業用酵素の生産など、幅広い分野に応用されている。

https://ja.wikipedia.org/wiki/%E7%99%BA%E9%85%B5

発酵（はっこう、英: fermentation、醱酵[注釈）は、酵素の働きによって有機物質に化学変化をもたらす代謝プロセスである。生化学では、酸素のない状態で炭水化物からエネルギーを取り出すことと、狭義に定義される。食品製造（英語版）においては、より広く、微生物の活動が食品や飲料に望ましい変化をもたらすあらゆる過程を指すこともある[1]。発酵の科学は発酵学または酵素学と呼ばれる。

微生物において、発酵は、有機栄養素の嫌気的（英語版）な分解を通じてアデノシン三リン酸（ATP）を生成する主要な手段である。

人類は新石器時代から、食品や飲料の生産に発酵を利用してきた。たとえば、発酵は、キュウリのピクルス、コンブチャ、キムチ、ヨーグルトなどの酸っぱい食品に含まれる乳酸を生成する工程で長期保存を可能としたり、ビールやワインなどのアルコール飲料の製造（英語版）にも利用されている。また、発酵は、人間を含むすべての動物の消化管内でも起こる。

工業的発酵（英語版）とは、化学物質、バイオ燃料、酵素、タンパク質、医薬品の大規模製造に微生物を応用する工程を指す、さらに上位の概念である。","[""import"",""japanese""]",2026-02-22 09:19:19.00148+00,e1848554-ffae-479c-a8cd-4c0d77b7bed2,2026-03-19 15:55:50.007522+00,0,0,0,2026-03-19 15:55:50.007522+00,0,null,null,null,false,null,null,null,null,true,d5bcb736-15af-4590-a9f5-3f6b42109a5d,null,null,"{""tables"":{""1"":{""rows"":[],""columns"":[]}}}",null,[],null,null
8e118d19-c031-4e73-904e-f99853b027b7,お召し物,"Netflix　Talk Queens　01

お召し物のお値段うかがいました！【”きものと”お金の座談会＠ザ ...「お召し物（おめしもの）」とは、相手の身につけている衣服や装い全般を指す丁寧な言葉で、「着る」の尊敬語である「召す（めす）」を使った敬語表現です。相手の服装を褒めたり、気遣ったりする際に使われ、「素敵なお召し物ですね」のように日常会話やビジネスシーンで用いられますが、元々は高貴な方がお召しになる特別な織物（御召）を指す言葉でもありました。 
意味と使い方
敬意を表す表現: 相手の服装に対して敬意を込めて「（あなたが）着ているもの」という意味で使います。
例文:
「本日は、華やかで素敵なお召し物でいらっしゃいますね。」
「雨が降っておりますので、どうぞお召し物にお気をつけください。」
「御召（おめし）」との違い:
「お召し物」は一般的な衣服全般の丁寧語ですが、「御召（おめし）」はシャリ感のある絹織物（着物）の一種を指します。 
類語
衣服、服装、装い、衣類、衣装、着物など。 
「お召し物」は、相手への配慮や敬意を示すために、適切な場面で使うと良いでしょう。

https://mazii.net/ko-KR/search/word/jako/%E3%81%8A%E5%8F%AC%E3%81%97%E7%89%A9

◆ 남의 의복의 높임말.

奥様のお召物
마님의 의복.","[""import"",""japanese""]",2026-02-22 09:19:19.00148+00,e1848554-ffae-479c-a8cd-4c0d77b7bed2,2026-03-19 15:55:50.007522+00,0,0,0,2026-03-19 15:55:50.007522+00,0,null,null,null,false,null,null,null,null,true,f0d07efd-5e41-43b7-af97-6cc34e415cee,null,null,"{""tables"":{""1"":{""rows"":[],""columns"":[]}}}",null,[],null,null
9057bfad-9b80-4616-9b85-ad9bcebc9f23,「乗りそびれ」,"https://youtu.be/xwRzxGZn2hw?si=F0gZQrXFO24-ePgQ

「乗りそびれ」とは、「乗り損ねる」の連用形（名詞化した形）で、電車やバス、飛行機などの乗り物に乗る機会を逃してしまい、乗れなかった状態を指します。朝寝坊や寝過ごし、手違いなどで発生し、「乗り遅れる」「乗り過ごす」と同義で、交通機関のチケットに関するルール（特に新幹線など）は、当日中に限り後続の自由席なら乗車可能など、詳細な規定があります。 
「乗りそびれ」の意味と具体例
意味: 予定していた乗り物に乗るチャンスを逃すこと。「乗りそびれる」は「機会を失って、とうとうしとげないでしまう」という意味の動詞です。
例文:
「朝寝坊して、始発の電車に乗りそびれた」。
「うっかり寝過ごして、目的地の駅を乗りそびれた（降りそびれた）」。 
交通機関ごとの対応
新幹線・特急券:
指定席: 発車時刻を過ぎると原則無効ですが、当日中に限り、後続列車の普通車自由席には差額を払えば乗車できます（割引切符などは条件が異なる）。
乗車券: 払い戻しが可能な場合がありますが、使用済みとみなされる切符もあります。
飛行機:
航空会社の規約を確認し、早めに連絡することが重要です。変更やキャンセルには手数料がかかることが多く、当日中の対応が基本です。 
関連語
乗り遅れる（のりおくれる）
乗り過ごす（のりすごす）
し損なう（しそこなう） 

https://aiueo.cc/pages/ja/grammar/web/615.php

【說明】

　この文型は、何かをしようとしたが、機会を逃してできなかったことを表す表現で、何かをしようとしたものの、タイミングや状況によって実行できなかったことを説明するときに使用されます。

【訳文】This sentence pattern is used to describe an attempt to do something that was thwarted due to missed opportunities or circumstances. It conveys the inability to carry out an intended action because of timing or other factors.

【例文】

・朝寝坊して、電車に乗りそびれた。
【訳文】I overslept and missed the train.

・仕事が終わらず、映画を見に行きそびれた。
【訳文】I couldn’t finish my work and missed the movie.

・結局、タイミングを逃して、告白しそびれました。
【訳文】In the end, I missed the timing and couldn’t confess.

・彼にお礼を言いそびれてしまった。
【訳文】I missed the chance to thank him.

・話そうと思っていたけど、忙しくて話しそびれたんです。
【訳文】I wanted to talk, but I was too busy and missed the chance.","[""import"",""japanese""]",2026-02-22 09:19:19.00148+00,e1848554-ffae-479c-a8cd-4c0d77b7bed2,2026-03-19 15:55:50.007522+00,0,0,0,2026-03-19 15:55:50.007522+00,0,null,null,null,false,null,null,null,null,true,f53f6e67-e3a0-4dfc-8066-1e77912d88f7,null,null,"{""tables"":{""1"":{""rows"":[],""columns"":[]}}}",null,[],null,null
908b0b58-1b04-4286-870f-f334f44863d2,～さえ・～すら　N2,"https://youtu.be/KKg1pBk53j4?si=BqhXOAER8Couvi6k

同じ事務所の渡部さんですら努力しないといけないくらい僕の印象がない

https://nihongo.co.kr/%EF%BD%9E%E3%81%95%E3%81%88%E3%83%BB%EF%BD%9E%E3%81%99%E3%82%89/

あの二人は仲が良いのに電話番号すら知しらないらしい。
저 두사람은 사이가 좋은데 전화번호조차 모른다는 것 같다. 

山田さんは韓国に住んで10年も経つのに、挨拶すら韓国語でできないらしい。
야마다씨는 한국에 산지 10년이나 지났는데 인사조차 한국어로 못한다는 것 같다. 

君にすら解けない問題だなんて、どんなに難しい問題なんだ。
너조차 풀지 못하는 문제라니 얼마나 어려운 문제인 거야. 

こんな簡単な問題、小学生ですら解けるよ。
이런 간단한 문제 초등학생조차 풀 수 있어. 

夫は酔っぱらいすぎて、話すことすらまともにできなかった。
남편은 너무 취해서 말하는 것조차 제대로 하지 못했다. 

昨日は忙しすぎて、ごはんを食べることすらできませんでした。
어제는 너무 바빠서 밥을 먹는 것조차 못했습니다. 

今、のどが痛くて水さえも飲めない。
지금 목이 아파서 물도 못 마시겠다. 

あなたさえいれば私は他になにもいりません。
당신만 있으면 나는 다른 것은 무엇도 필요 없습니다. 

彼の両親でさえ彼の行方を知らなかった。
그의 부모님조차 그의 행방을 몰랐다. 

彼女は妊娠の事実を親にさえ知らせなかった。
그녀는 임신 사실을 부모님에게조차 알리지 못했다. 

今の私にはこんな簡単な仕事さえできません。
지금에 나는 이런 간단한 일조차 불가능합니다.

昨日は体調が悪くて歩くことさえできず、ずっと横になっていました。
어제는 몸상태가 나빠서 걷는 것도 못하고 계속 누워있었습니다.","[""import"",""japanese""]",2026-02-22 09:19:19.00148+00,e1848554-ffae-479c-a8cd-4c0d77b7bed2,2026-03-19 15:55:50.007522+00,0,0,0,2026-03-19 15:55:50.007522+00,0,null,null,null,false,null,null,null,null,true,2d6117b1-552f-4ed7-849f-b8dba27b3440,null,null,"{""tables"":{""1"":{""rows"":[],""columns"":[]}}}",null,[],null,null
957b1694-28b1-4f0c-9ab6-285834d13a66,「シコル」,"「シコル」は文脈によって意味が異なり、主に韓国の新世界百貨店が運営するコスメセレクトショップ「CHICOR（シコル）」を指す場合と、俗語で男性の自慰行為や、こだわり・遺恨が残る状態を指す場合がありますが、後者は刑事弁護の分野で使われることもあります。 
CHICOR（コスメショップ）の場合
概要: 韓国のデパート「新世界百貨店」が展開する、K-Beautyから海外コスメまで幅広く扱う体験型のビューティーセレクトショップです。
特徴: コスメのタッチアップやパーソナルカラー診断など、購入だけでなく体験ができるのが魅力で、明洞店や江南駅店などが有名です。 
俗語・スラングの場合
語源: 「シコシコする」という擬音語から来ています。
意味:
男性の自慰行為（マスターベーション）を指します。
転じて、物事にこだわりや執着が残る状態、遺恨（いこん）が残る状態を指すこともあります。 
文脈に合わせて「CHICOR」というお店のことか、俗語の意味か判断すると良いでしょう。","[""import"",""japanese""]",2026-02-22 09:19:19.00148+00,e1848554-ffae-479c-a8cd-4c0d77b7bed2,2026-03-19 15:55:50.007522+00,0,0,0,2026-03-19 15:55:50.007522+00,0,null,null,null,false,null,null,null,null,true,4de687a0-3899-47c3-b9a5-5042c869cf28,null,null,"{""tables"":{""1"":{""rows"":[],""columns"":[]}}}",null,[],null,null
958a559e-448f-4828-a264-15ad0dfe46c7,「突っ込み（ツッコミ）」,"「突っ込み（ツッコミ）」は、漫才などで「ボケ」の言動の矛盾や間違いを鋭く指摘して笑いを誘う役割や行為を指すのが最も一般的ですが、勢いよく何かへ突進することや、一つの事柄に深く関わる・核心に触れるといった意味もあります。また、映画業界では緊急の原稿、レース用語ではコーナーへの進入を指すこともあります。 
主な意味
お笑い（漫才・コント）:
ボケ（おかしい言動をする人）に対して、その間違いや不自然な点を指摘する役割（ツッコミ役）や、その指摘そのもの。
「ボケ」と対になる概念で、話を進める役割も担います。
物理的な行動:
勢いよく前方に突進する、深く入っていく、飛び込むこと（例：「勢いよく突っ込む」）。
比喩的な意味:
相手の意見や話の核心、弱点、矛盾点などに深く切り込むこと。
「突っ込みどころ」という形で、指摘したくなるようなポイントを指すこともあります。 
その他の用法
映画業界: 臨時ニュースなど、急遽作成される原稿のこと。
レース用語: コーナー（カーブ）への進入時、減速を遅らせて突っ込むような走り方。 
文脈によって意味が異なりますが、現代ではお笑いの「ツッコミ」が最も広く使われている意味合いです。

https://mazii.net/ko-KR/search/word/jako/%E7%AA%81%E3%81%A3%E8%BE%BC%E3%82%81

◆ 돌입하다; 돌진하다.

敵中に突っ込む
적중에 돌입[돌격]하다

三塁走者が本塁に突 っ込
んだ
3루 주자가 홈으로 돌진했다

◆ 깊이 파고들다.

突っ込んだ話し合いをする
깊이 있는 대화를 하다

突っ込んで考える
깊이 생각하다

☆ 5단활용 타동사
◆ 처넣다; 처박다.

手をポケットに突っ込んで歩く
손을 호주머니에 질러 넣고 걷다

何でも引き出しに突っ込む
무엇이고 서랍에 처넣다

水たまりに足を突っ込む
물구덩이에 발을 처박다

◆ (잘못·문제점을) 날카롭게 찌르다; 추궁하다.

誤りを突 っ込む
잘못을 날카롭게 추궁하다

事件の核心を突っ込む
사건의 핵심을 찌르다

手落ちを突っ込 まれる
과실을 추궁당하다

◆ (깊이) 관계하다.

事件に首[頭]を突っ込む
사건에 깊이 관여하다","[""import"",""japanese""]",2026-02-22 09:19:19.00148+00,e1848554-ffae-479c-a8cd-4c0d77b7bed2,2026-03-19 15:55:50.007522+00,0,0,0,2026-03-19 15:55:50.007522+00,0,null,null,null,false,null,null,null,null,true,a84269b4-fdba-4415-b7ea-88f3fe40e065,null,null,"{""tables"":{""1"":{""rows"":[],""columns"":[]}}}",null,[],null,null
99a260a1-0ed3-42e3-a9d0-0854c93b50af,～欠かさず、欠かせない　N2,"https://nihongo.co.kr/%EF%BD%9E%E6%AC%A0%E3%81%8B%E3%81%95%E3%81%9A%E3%80%81%E6%AC%A0%E3%81%8B%E3%81%9B%E3%81%AA%E3%81%84/

～欠かさず、欠かせない

의미
欠かさず 거르지 않고
欠かせない 빠뜨릴 수 없다

설명
欠かす(빠뜨리다) 에서 파생된 문법

예문

【～欠かさず】

私は健康のために毎日ビタミン剤を欠かさず飲むようにしている。
나는 건강을 위해서 매일 비타민제를 빠트리지 않고 먹도록 하고 있다. 

私はあの俳優のファンなので、彼の出演するドラマは欠かさず見ています。
나는 저 배우의 팬이기 때문에 그가 출연하는 드라마는 빠트리지 않고 보고 있습니다. 

健康のために私は毎日欠かさず運動をしています。
건강을 위해서 나는 매일 빠트리지 않고 운동을 하고 있습니다. 

私は毎年欠かさず祖父のお墓参りをしています。
나는 매년 빠트리지 않고 할아버지의 성묘를 하고 있습니다. 

彼女は毎週欠かさず教会に通っているらしい。
그녀는 매주 빠지지 않고 교회에 다니고 있다는 것 같아. 

父は毎朝欠かさず新聞を読んでいる。
아빠는 매일 아침 빠트리지 않고 신문을 읽고 있다. 

彼女はその日の授業の復習を欠かさず行うことで、効率よく勉強を進めているようだ。
그녀는 그날 수업의 복습을 빠트리지 않고 하고 있어서 효율좋게 공부를 수행하고 있는 것 같다. 

【～欠かせない】

お正月にはおせち料理が欠かせない。
설날에는 오세치요리를 빠트릴 수 없다. 

人間にとって水は生きていく上で欠かせない大切なものです。
인간에게 있어 물은 살아가는데 있어 빠트릴 수 없이 소중한 것입니다. 

こんなに暑い日には水分補給が欠かせない。水分を取らないと熱中症になってしまうから。
이렇게 더운 날에는 수분보충을 빠트릴 수 없다. 수분을 취하지 않으면 열사병에 걸려버리니까. 

語学の習得にはインプットだけでなく、アウトプットも欠かせない。
어학 습득에는 인풋뿐만 아니라 아웃풋도 빠트릴 수 없다.

彼女はこのチームにとって一番欠かせない存在です。
그녀는 이 팀에 있어 가장 빠트릴 수 없는 존재이다.

https://www.kpedia.jp/w/39349

「欠かせない」の韓国語「빼놓을 수 없다」を使った例文

・돈은 일상생활 속에서 빼놓을 수 없는 존재라고 해도 과언이 아닙니다.
お金は日常生活の中では欠かせない存在だと言っても過言ではありません。

・생선회에 간장은 빼놓을 수 없다.
刺身に醤油は欠かせない。

・당신은 빼놓을 수 없는 존재입니다.
あなたは欠かせない存在です。

・외교에 이해득실 계산은 빼놓을 수 없다.
外交に利害得失の計算は欠かせない。

・프라이팬은 재료를 굽거나 볶거나 하는 등 요리에 빼놓을 수 없는 아이템이에요.
フライパンは食材を焼いたり炒めたりと、お料理には欠かせないアイテムです。

・소바는 일본의 축제나 행사에서도 빼놓을 수 없습니다.
そばは日本のお祭りや行事でも欠かせません﻿。

・도시락에는 단무지를 빼놓을 수 없습니다.
お弁当にはたくあんを必ず入れます﻿。

・동치미는 한국의 음식 문화에서 빼놓을 수 없는 요리입니다.
大根の水キムチは、韓国の食文化に欠かせない一品です。

・도료를 칠하기 전에 빼놓을 수 없는 공정이 있다.
塗料を塗る前に欠かせない工程がある。

・도료를 칠하기 전에 빼놓을 수 없는 공정이 있다.
塗料を塗る前に欠かせない工程がある。

・경쟁심은 선수 성장에 절대로 빼놓을 수 없습니다.
競争心は、選手の成長には絶対に欠かせません。

・이 노래는 내 넋을 빼놓을 정도로 아름답다.
この歌は私の魂を奪うほど美しい。

・굴소스는 중화 요리에 빼놓을 수 없는 조미료예요.
オイスターソースは中華料理に欠かせない調味料です。

・관광에는 활기 넘치는 시장을 빼놓을 수 없어요.
観光には、活気あふれる市場をはずせません。

・한국 소주는 한국의 식문화를 이야기할 때 빼놓을 수 없는 존재입니다.
韓国焼酎は、韓国の食文化を語るうえで欠かせない存在です。","[""import"",""japanese""]",2026-02-22 09:19:19.00148+00,e1848554-ffae-479c-a8cd-4c0d77b7bed2,2026-03-19 15:55:50.007522+00,0,0,0,2026-03-19 15:55:50.007522+00,0,null,null,null,false,null,null,null,null,true,4d302b19-9ea8-4c16-8637-0e9b34ed8781,null,null,"{""tables"":{""1"":{""rows"":[],""columns"":[]}}}",null,[],null,null
9a0f7b65-6a55-4b10-9346-ea9debb7b06f,「寂しい（さびしい）」,"「寂しい」は、心が満たされず物足りない、孤独で心細い、または人の気配がなくひっそりしている状態を表す言葉で、英語では""lonely""や""sad""などに相当し、解消するには読書や運動、オンラインでの交流、美味しいものを食べる、新しい楽しみを見つけるなどの対処法があります。 
「寂しい」の意味と使われ方
感情的な寂しさ: 誰かと繋がっていたいのに繋がれない、必要とされていないと感じる気持ち。
状況的な寂しさ: 物理的に人がいない、静かでひっそりしている様子。
「寂しい」と「淋しい」: 「寂しい」は一般的・客観的、「淋しい」は主観的・詩的な表現で、公的な場では「寂しい」が使われます。「さみしい」はひらがなで書くのが適切です。 
寂しさを和らげるための対処法
行動を起こす: 散歩して日光を浴びる、運動する、新しい趣味や勉強を始める。
気分転換: 音楽・映画鑑賞、読書、美味しいものを食べる、お風呂でリラックスする。
人との繋がり: 友達と話す、オンラインコミュニティで交流する、相手の話に興味を持つ。
思考の転換: 未来の楽しみを想像する、一人でいることを肯定的に捉える時間にする。 
寂しいと感じやすい人へのヒント
寂しさは誰にでもある感情であり、無理に消そうとせず、自分と向き合う時間と捉えることも大切です。
寂しさを感じやすい性質は生まれつきの部分もあり、自分を理解し、うまく付き合っていく方法を見つけることが重要です。

https://mazii.net/ko-KR/search/word/jako/%E3%81%95%E3%81%B3%E3%81%97%E3%81%84

◆ 허전하다.（さびしい）

口が寂しい
입이 허전하다

懐が寂しい
호주머니가 허전하다((돈이 떨어지다))

◆ 쓸쓸하다; 적적하다; (슬프고) 외롭다（さびしい）

寂しい生活
쓸쓸한 생활

寂しい山道
호젓한 산길

一人寂しく暮らす
혼자 쓸쓸히 지내다

◆ 섭섭하다（さびしい）

友と別れて寂しい
친구와 헤어져 섭섭하다

◆ 쓸쓸하다; 적적하다（さみしい）

寂しい冬景色
쓸쓸한 겨울 풍경

寂しい夜道を歩く
호젓한 밤길을 걷다

一人ぼっちで寂しい
외돌토리가 되어 쓸쓸하다","[""import"",""japanese""]",2026-02-22 09:19:19.00148+00,e1848554-ffae-479c-a8cd-4c0d77b7bed2,2026-03-19 15:55:50.007522+00,0,0,0,2026-03-19 15:55:50.007522+00,0,null,null,null,false,null,null,null,null,true,5797a340-a7dd-4e8a-b88e-94f3db3b5be7,null,null,"{""tables"":{""1"":{""rows"":[],""columns"":[]}}}",null,[],null,null
9a2a1ee6-e161-47cd-9a1e-04e547ab4bbe,「色気（いろけ）」,"「色気（いろけ）」とは、人を惹きつける性的魅力や色っぽさを指しますが、現代では内面からにじみ出る知性、余裕、品格、ミステリアスな雰囲気など、外見だけでなく総合的な魅力を含む概念として使われます。単なる露出ではなく、自信、気遣い、ギャップ、丁寧な仕草や言葉遣いなどから生まれる、大人の余裕や色気として捉えられることが多いです。 
色気の種類と要素
性的魅力・色気: 異性を意識させる魅力や、性的興奮を想起させる雰囲気。
愛嬌・おもしろみ: 人を惹きつける可愛らしさや、親しみやすさ。
風情・趣: 品格や教養、落ち着きから生まれる味わい深さ。
欲求・興味: 特定の物事（地位や対象）に対する関心や欲求。 
「色気がある」と言われる人の特徴（例）
内面・態度: 自信と余裕、相手への思いやり、ミステリアスな部分。
行動・仕草: 落ち着いた所作、丁寧な言葉遣い、自然体で美しい動作。
ギャップ: 普段とのギャップ（例：しっかり者が時折見せる弱さ）。
外見: 清潔感、身だしなみ、健康的な美しさ（露出の多さだけではない）。 
現代における「色気」の捉え方
以前は女性のセクシーさを表す言葉でしたが、現在は男性・女性問わず、知性や教養、品格など、内面から滲み出る「大人の魅力」を指す褒め言葉として使われることが増えています。","[""import"",""japanese""]",2026-02-22 09:19:19.00148+00,e1848554-ffae-479c-a8cd-4c0d77b7bed2,2026-03-19 15:55:50.007522+00,0,0,0,2026-03-19 15:55:50.007522+00,0,null,null,null,false,null,null,null,null,true,fe191646-97d4-4f9b-a9fb-201b611f6e3d,null,null,"{""tables"":{""1"":{""rows"":[],""columns"":[]}}}",null,[],null,null
9b5413d3-5036-4866-a324-38af642a19f4,「儚い（はかない）」,"鬼滅の刃無限列車編

「儚い（はかない）」は、淡く消えやすい、長く続かない、頼りない、またはすぐに壊れてしまいそうな様子を表す言葉です。夢、恋、命、桜、雪など、刹那的で繊細な美しさや、むなしさを伴うものに対して使われ、現代では「（消えそうなほど）透明感がある」というポジティブな意味でも使用されます。 
意味とニュアンス
消えやすい: 夢のように一瞬で終わる、霧のようにすぐになくなる。
もろい・かぼそい: 物理的、心理的に壊れやすい。
頼りない: 確かな根拠がない、あっけない。 
主な表現と語源
例: 儚い命、儚い夢、儚い恋、儚い希望。
語源: 「はか（目当て・よりどころ）」がない、という意味に由来する。 
類語・言い換え
刹那的、短命、瞬時、泡沫（うたかた）、仮初め（かりそめ）、脆い（もろい）。 
英語表現
Ephemeral（短命な、はかない）
Fleeting（一時の、つかの間の）
Fragile（壊れやすい）

https://www.kpedia.jp/w/20360

「儚い (はかない)」の韓国語「덧없다」を使った例文

・인생은 덧없다.
人生は儚い。

・그것은 거품처럼 덧없이 사라져 버린다.
それは泡のように儚く消えてしまう。

・사람의 일생은 덧없다.
人の一生は儚い。

・인생은 덧없는 것이라고 자주 저의 할아버지는 말합니다.
人生は儚いものだよ、とよく私の祖父は言います。

・흔히 사람들은 인생이 덧없다고 말한다.
人生は儚いよ、とよく人は言う。

・벚꽃나무 꽃이 덧없이 지고 있습니다.
桜の木の花が儚く散っています。

・하루살이의 일생은 매우 덧없다.
カゲロウの一生はとても儚い。

・꽃잎이 덧없음을 느끼게 한다.
花びらが儚さを感じさせる。

・60년이나 살다 보면 세상의 무서움도 덧없음도 몸에 사무칩니다.
60年も生きてくると、世の中の怖さもはかなさも身にしみてきます。

・다음 날 아침에 눈사람은 덧없이 사라져 없어졌다.
翌朝雪だるまは跡形もなく消え失せていた。

・거품이 덧없이 사라졌다.
バブルが跡形もなく消え去った。

・덧없이 세월이 흐르다.
むなしく時が過ぎる。

・시간은 정말 덧없이 흘러간다.
時間は本当に矢のように流れていく。

https://www.kpedia.jp/w/27405

「儚い (はかない)」の韓国語「무상하다」を使った例文

・인생은 무상하다.
人生ははかない。

・세상은 무상하다.
世の中は無常だ。

・이 세상은 무상하다고 한탄하다.
この世は無常だと嘆く。","[""import"",""japanese""]",2026-02-22 09:19:19.00148+00,e1848554-ffae-479c-a8cd-4c0d77b7bed2,2026-03-19 15:55:50.007522+00,0,0,0,2026-03-19 15:55:50.007522+00,0,null,null,null,false,null,null,null,null,true,364a96f4-e8d4-407b-89b4-245f57af539f,null,null,"{""tables"":{""1"":{""rows"":[],""columns"":[]}}}",null,[],null,null
9b747de4-5f56-49a8-9aaa-c19846f77e03,「渋い（しぶい）」,"「渋い（しぶい）」は、控えめで落ち着いた、奥深い味わいや美意識を表す日本語です。元来は柿の渋味や味覚を指していましたが、現在では地味ながら洗練された色やデザイン、落ち着いた雰囲気の中年男性の魅力（ダンディ）、あるいは渋い趣味など、ポジティブな大人の魅力を形容する言葉として広く使われています。 
具体的には以下の要素が含まれます。
美意識・趣（しぶみ）: 派手ではなく、上品で落ち着きのある深い味わい。
人物・スタイル: ダンディで、男性的な引き締まった魅力がある様子。
味覚: 柿や茶のような、収斂（しゅうれん）性のある渋い味。
感覚・趣味: 派手すぎず、洗練されたクールさや質素な趣（例：渋い趣味）。 
元は室町時代の「渋し」に由来し、甘さの対義語として使われていました。

https://mazii.net/ko-KR/search/word/jako/%E6%B8%8B%E3%81%84

◆ 떫다.

渋い味
떫은맛

渋いお茶
떫은 차

この柿は渋くてとても食べられない
이 감은 떫어서 도저히 못 먹겠다

◆ (표정이) 떠름하다; 지르퉁하다.

渋い顔
떠름한[떨떠름한] 얼굴[표정]

渋い返事
떠름한 대답

◆ (화려하지 않고) 차분한 멋이 있다; 수수하다; 구성지다.

渋い柄の着物
수수한 무늬의 (일본) 옷

渋い声
차분한[구성진] 목소리

渋い好み
은근한 멋을 좋아하는 성미; 수수한 취미

◆ 인색하다; 다랍다; 쩨쩨하다.

なかなか渋い奴だ
아주 쩨쩨한 녀석이다

払いが渋い
지불이 인색하다; 돈에 인색하다

◆ (움직임이) 매끄럽지 못하다.

渋い戸
잘 닫히지 않는 문

https://www.kpedia.jp/w/2647

「渋い」の韓国語「떫다」を使った例文

・감이 떫다.
柿が渋い。

・떫은 표정을 짓다.
渋い顔をする。

・감이 떫어서 못 먹겠어요.
柿が渋くて食べれない。

・이 과일은 덜 익어서 떫어요.
この果物は未熟で渋いです。

・감이 아직 안 익어서 떫어요.
柿がまだ熟してないので渋いです。

・떫은 감을 따서 껍질을 벗긴 다음, 시원하고 그늘진 곳에 매달아 곶감을 만든다.
渋いカキを取って皮をむいた後、涼しい日陰の場所にぶら下げて干し柿を作る。

・떫은 감을 숙성시키면 홍시로 먹을수 있어요.
渋い柿を熟成させたら熟柿で食べられます。

・떫은맛의 요리가 건강에 좋다고 알려져 있다.
渋い味の料理が健康に良いとされている。

・이 차는 떫은맛이 난다.
このお茶は渋い味がする。

・녹차의 떫은맛을 좋아해요.
禄茶の渋みが好きです。

・감은 떫은 맛이 납니다.
柿は渋い味がします。","[""import"",""japanese""]",2026-02-22 09:19:19.00148+00,e1848554-ffae-479c-a8cd-4c0d77b7bed2,2026-03-19 15:55:50.007522+00,0,0,0,2026-03-19 15:55:50.007522+00,0,null,null,null,false,null,null,null,null,true,67a5e2f9-f68e-4717-98ae-9fd4a8b43112,null,null,"{""tables"":{""1"":{""rows"":[],""columns"":[]}}}",null,[],null,null
9bdd9703-ccc4-447f-b4ef-7eedbe24fdb1,封筒（ふうとう）,"封筒（ふうとう、봉투）は、手紙や書類、荷物などを送る際に内容物を保護・梱包するためのもので、長形（和封筒）、角形（洋封筒）、洋形（横型封筒）などの種類があり、定形郵便と定形外郵便でサイズが細かく分かれ、クラフト、OPP（透明）、クッション封筒など素材も多様で、用途（DM、フリマ発送、ビジネス文書など）に合わせて選ばれ、郵便局や文具店、通販サイトで購入できます。 
主な封筒の種類と用途
長形（なががた）: 和封筒とも呼ばれ、長3封筒（A4三つ折り）、長4封筒（B5四つ折り）が代表的で、ビジネス文書や請求書、お礼状などに広く使われます。
角形（かくがた）: A4用紙を折らずに入れられる角2封筒がビジネスで定番で、履歴書やカタログ送付に便利です。
洋形（ようがた）: 招待状や案内状、DM（ダイレクトメール）によく使われ、ダイヤモンド貼り（カマス貼り）などの貼り方があります。
クッション封筒: 中にプチプチ（緩衝材）が付いており、衝撃に弱い小物や化粧品などの発送に適しています。
OPP（透明）封筒: 中身が見えるため、アパレルや雑貨の発送、ラッピングなどに使われます。 
選び方のポイント
送るものに合わせてサイズを選ぶ: A4用紙なら角2、A4三つ折りなら長3（または洋長3）など、中身のサイズに合わせます。
用途で素材を選ぶ: 大切な書類は透けない封筒や厚手のもの、CDや小物ならクッション封筒など、保護したい度合いで選びます。
郵便料金を確認する: 定形郵便（長3・長4など）か定形外郵便（角2など）かで料金が変わるため、重さとサイズを確認します。 
便利な機能
テープ付き（のり付き）: 封を素早くできるため、大量発送に便利です。
透けない（地紋入り）: プライバシー保護や内容物が見えないようにしたい場合に役立ちます。 
どこで買う？
郵便局（レターパックなど特定郵便物も）
文具店、ホームセンター、スーパー（Amazon、楽天、ASKUL、モノタロウなどの通販サイトも豊富）","[""import"",""japanese""]",2026-02-22 09:19:19.00148+00,e1848554-ffae-479c-a8cd-4c0d77b7bed2,2026-03-19 15:55:50.007522+00,0,0,0,2026-03-19 15:55:50.007522+00,0,null,null,null,false,null,null,null,null,true,ae93ff7c-da43-4eb1-8ddd-7468d28b799c,null,null,"{""tables"":{""1"":{""rows"":[],""columns"":[]}}}",null,[],null,null
9fb62216-7711-4570-baab-e58a1cfc551c,「手応え（てごたえ）」,"「手応え（てごたえ）」とは、物理的な感触（手に伝わる感触、歯ごたえなど）と、働きかけに対する反応や手応りの良さ（仕事や学習のやりがい、相手の反応の良さなど）の2つの意味があり、文脈によって「やりがい」「好感触」「反応」「感触」などと訳せる言葉です。具体的には、釣りで魚が食いついた感覚（手応え）や、仕事で成果が感じられる状態（やりがい）、料理の歯ごたえ（歯ごたえ）、演奏の聞き応えなどを指します。 
主な意味
物理的な感触・感触の良さ:
手にひびく感覚、肌触り、触感。
例: 「粘りのある手応え」「キーボードのしっかりした手応え」。
働きかけに対する反応・手応りの良さ:
相手からの反応、物事の難易度、やりがい。
例: 「仕事に手応えを感じる」「手応えのある相手」「聞き応えのある演奏」。 
関連する言葉
歯ごたえ（はごたえ）: 食材の噛み応え。
読み応え（よみごたえ）: 本などを読んで得られる満足感や面白さ。
聞き応え（ききごたえ）: 音楽や話を聞いて得られる面白さや感動。
やりがい（やりがい）: 仕事や活動で得られる充実感。 
英語での表現例
feedback（フィードバック）
touch（タッチ、感触）
response（反応）","[""import"",""japanese""]",2026-02-22 09:19:19.00148+00,e1848554-ffae-479c-a8cd-4c0d77b7bed2,2026-03-19 15:55:50.007522+00,0,0,0,2026-03-19 15:55:50.007522+00,0,null,null,null,false,null,null,null,null,true,cc981cdd-0da0-4bf4-b65a-957613ed5070,null,null,"{""tables"":{""1"":{""rows"":[],""columns"":[]}}}",null,[],null,null
a2e222f3-5394-436f-9a06-cea3d6a74555,若いアナウンサーなのに渋い貝が好き。,"https://youtu.be/PrUY5I8WACg?si=If53A1UFWkjWJxY0

若いアナウンサーなのに渋い貝が好き。
젊은아나운서인데도 떫은조개를 좋아한다.

貝（かい）：조개","[""import"",""japanese""]",2026-02-22 09:19:19.00148+00,e1848554-ffae-479c-a8cd-4c0d77b7bed2,2026-03-19 15:55:50.007522+00,0,0,0,2026-03-19 15:55:50.007522+00,0,null,null,null,false,null,null,null,null,true,abe06304-72bf-4286-b346-f4959af7f4d2,null,null,"{""tables"":{""1"":{""rows"":[],""columns"":[]}}}",null,[],null,null